doc_id,chunk_id,chunk_index,idioma,texto_analise,n_palavras,source_filename_hash,collection_batch,mes,ano,projeto,pais,marca_foco,publico,tipo_sessao,canal_origem
doc_981214beda5a6637,doc_981214beda5a6637_ch_0015,15,pt,"as lojas e ele já tinha ido fazer pré-trabalho antes, então ele já sabia onde ele queria ir E aí ele 
falou que ele já tinha ido lá durante a semana, e aí a gente entrou com ele na Besni, ele entrou, ele olhou o que 
estava na vitrine, ele queria comprar uma sapatilha, e olhou naqueles totens que estavam na frente, tipo, ele não 
entrou, tinha mais opções para trás, mas ele não entrou, ele foi ali na vitrine, olhou no totem da frente e já saiu, e 
ali ele não foi abordado por ninguém. Aí a gente foi na pontal, quando a gente entrou na pontal, ele fez a mesma 
coisa, ele foi direto na vitrine, só que ali ele já foi abordado por alguém. 
 
 
 
 
 
Speaker 3 - 27:59
 
 E aí a pessoa se apresentou tudo, perguntou o que ele estava procurando, ele falou queria dar uma olhada nas 
sapatilhas, aí ela perguntou, mas para quem é o presente? 
 
 
 
 
 
Speaker 3 - 28:09
 
 Aí ele falou pra minha mãe, ela já é senhora e tal, eu queria alguma coisa confortável Aí ele soltou pouco mais, 
sabe, do desejo dele E aí a gente até coloca a importância da vendedora nessa questão E aí ele pergunta pra ela 
qual que sai mais, qual que vende mais E aí ela mostra, enfim, aí ele fala, então eu quero ver",230,191761518580e2398e3b,v2,maio,None,natura_3cs,nao_inferido,natura,nao_inferido,nao_inferido,m4a
doc_ca13ed7a8ce3eb34,doc_ca13ed7a8ce3eb34_ch_0032,32,pt,"gundo nomezinho dele, informando qual foi a edição dele. É por isso 
que a gente sempre fala tradicional, porque é o primeiro. 
 
 
 
 
 
Speaker 2 - 52:36
 
 Tradicional significa primeiro, né? Para qualquer marca, você acha que é assim que funciona? 
 
 
 
 
Speaker 1 - 52:40
 
 Sim, a mesma coisa no alboticário Malbec. O Malbec no alboticário, ele é só o nome, só tem o nome Malbec. Aí 
vem o Malbec vinho, o Malbec estilo, alguma coisa do tipo. Ele sempre coloca segundo nome, porque foi a partir 
da primeira essência que eles fizeram que ficou criando outras notas de perfumaria. 
 
 
 
 
 
Speaker 2 - 53:05
 
 Entendi. Me conta pouco, já aproveitando que você comentou sobre essencial, depois a gente fala sobre outras 
marcas e tal, para a gente entender pouco. Por que essa coisa do essencial, que você comentou logo de cara? O 
que significa essa marca no seu dia a dia para você? É porque ele é o carro-chefe. 
 
 
 
 
Speaker 1 - 53:36
 
 Depois deles vem o caiaque, que é sempre os dois que a gente oferece em forma. Porque, independente da 
estação, independente do mês, do dia, seja lá qual for, ele sai, mesmo ele estando em promoção ou não. Por ele já 
ser conhecido, ele se",208,cef115eec5b2f1b1d7b2,v2,agosto,None,3cs_perfumes,nao_inferido,nao_inferido,lideres,entrevista_em_profundidade,m4a
doc_52108ac94ef635f9,doc_52108ac94ef635f9_ch_0036,36,pt,"- 43:41
 
Meeting Title: EP12_Consultora_3Cs.m4a Meeting created at: 20th Mar, 2026 - 3:09 PM
29 / 44
 
 Entendeu? Igual essa amostra do... Os três o quê? Desculpa, Pri, conta para a gente direitinho. Quais são as 
amostras? 
 
 
 
 
 
Speaker 2 - 43:52
 
 Dos três, da parte da perfumaria, Entendeu? E dessa linha do shampoo, condicionador... Espera aí, só momento. 
 
 
 
 
 
Speaker 3 - 44:08
 
 Igual. 
 
 
 
 
 
Speaker 2 - 44:17
 
 Assim, ó... As amostras, entendeu? As meninas gostam muito porque elas levam para a academia, entendeu? 
Então, assim, deixa eu ver, aqui é a questão de quantos ml, 15? Eu acho que a Natura deveria fazer, por exemplo, o 
dobro, vai 20 ml, que ficaria preço com e que ela usa praticamente diariamente. Não que ela use todos os dias, 
né? Não que ela use todos os dias, mas... 
 
 
 
 
 
Speaker 3 - 44:58
 
 Essa que você mostrou, você comprou ou você ganhou, Fri? 
 
 
 
 
 
Speaker 2 - 45:01
 
 Oi? 
 
 
 
 
Speaker 3 - 45:03
 
Meeting Title: EP12_Consultora_3Cs.m4a Meeting created at: 20th Mar, 2026 - 3:09 PM
30 / 44
 
 Essa que você mostrou, você comprou ou ganhou? 
 
 
 
 
 
Speaker 2 - 45:06
 
 Não, essa daí eu ganhei. Entendeu? 
 
 
 
 
 
Speaker 3 -",194,7aa6003a15acfc2a26d2,v2,maio,None,natura_3cs,nao_inferido,natura,consultoras,nao_inferido,m4a
doc_d2d8ffad5d07749d,doc_d2d8ffad5d07749d_ch_0104,104,es,"Speaker 7 - 01:46:29
 
 Bueno, me gusta porque no se pone en un tono muy oscuro, un tono clarito, traen como que la gama que puede 
haber dentro de esos dos tonos y además que el maquillaje se ve natural, no se ve así como que te pusiste mucho 
maquillaje y eso que tiene la tecnología oxígeno es para que nuestra piel no genere imperfecciones en 
consecuencia de que se tapan los poros por el maquillaje, entonces eso está muy bien. 
 
 
 
 
Speaker 1 - 01:46:57
 
 Y eso tiene que ver con la pregunta Pau, ¿Y si dejas que tu piel respire? 
 
 
 
 
 
Speaker 7 - 01:47:04
 
 Sí, justamente porque le da, aparte de que nos da un aspecto bien mate y que dura este, deja que la piel no, que 
los pores, los poros de la piel no se tapen y no generen imperfecciones. 
 
 
 
 
 
Speaker 3 - 01:47:18
 
 Perfecto. 
 
 
Speaker 1 - 01:47:19
Meeting Title: Q3_Rosacea 
MEX_0404_22h00_C_2540años_Competencia.m...
Meeting created at: 18th Mar, 2026 - 10:14 PM
82 / 103
 
 Y todo eso lo ves aquí en estas imágenes. Sí, de entender todo eso en la piel de las. Perfecto, muy bien. Gracias 
Pau. Algo más que agregar de este, de esta publicidad, algo diferente que no hayamos visto las demás todo",215,c48993e0887d7daa46ca,v2,abril,None,rosacea,mexico,concorrencia,nao_inferido,nao_inferido,pdf
doc_44982372dd74c6da,doc_44982372dd74c6da_ch_0011,11,pt,"orque sou só eu de homem 
aqui. É muita mulher. Você não tem noção. É mãe, namorada, tia, é duas prima. A prima tem duas filhas que é 
prima. As dogs também é tudo fêmea. Então praticamente sou só eu de homem. 
 
 
 
 
Speaker 1 - 11:30
 
 Está rodeado de mulheres. 
 
 
 
 
 
Speaker 2 - 11:32
 
 Do lado da família. Então sim, eu fico feliz, fico satisfeito. Por sempre poder fazer alguma coisa. Para vocês terem 
uma ideia, ontem mesmo, a gente estava conversando aqui em família, porque minha tia mora no fundo da minha 
casa, e aí, às vezes eu subo lá, porque é muita mulher, às vezes eu fico meio enjoado, mas ontem eu subi lá, 
conversando de risada, aí no final da noite, de ontem, fui buscar refrigerante e comprei para cada uma barrinha de 
chocolate. Custa dois reais. Eu fui lá, comprei de uma pra cada uma e dei boa noite. Aí fiz isso pra todo mundo. 
Então, na realidade, é cotidiano que eu já tenho, já. 
 
 
 
 
 
Speaker 2 - 12:15
 
 Não vou dizer que é toda semana, mas pelo menos, às vezes, uma vez por mês, eu faço agrado pra todas elas, ou 
quando dá pra ser pra todas, é pra minha mãe e minha namorada. 
 
Meeting Title: EP2_Consumidora_3Cs.m4a Meeting created at: 20th Mar,",218,b2ac3e9027b81a5869a0,v2,maio,None,natura_3cs,nao_inferido,natura,consumidoras,nao_inferido,pdf
doc_eeb118edb6d745e0,doc_eeb118edb6d745e0_ch_0050,50,pt,"e ela falou da experimentação? Ela falou, 
gente, e ela mesmo usa muito. E ela fala, ela vai viajar, vai ver os parentes. Tipo, uma mala inteira. Ela leva só de 
produtos. 
 
 
 
 
 
Speaker 2 - 50:41
 
 E aí ela usa ela mesma também como uma amostra, né? Uma experimentação que ela tá usando, desperta ali no 
social dela, né? 
 
 
 
 
 
Speaker 3 - 50:53
 
 Muito, ela é sample ambulante. 
 
 
 
 
Speaker 1 - 50:56
 
 Ela sabe disso, e as pessoas perguntam, ela falou pra gente. 
 
 
 
 
 
Speaker 3 - 51:01
 
 Muito. E isso é engraçado, porque tem essa coisa da vaidade, entendeu? Então, realmente, assim, o ritual da 
perfumação com ela e perfumação natura com ela é, tipo... 
 
 
Speaker 2 - 51:13
Meeting Title: EP Download_3Cs 
Perfumes_Caroline_Samantha_Mario.m...
Meeting created at: 20th Mar, 2026 - 5:01 PM
25 / 30
 
 
 
 É. 
 
 
 
 
Speaker 1 - 51:13
 
 E assim, vou falar, é muito legal de ver como a parte social, tipo, a vida dela, sabe? Ela é uma construtora natura, 
ela é reconhecida por isso. Ela vai nos lugares, leva as malas dela sem vergonha, sabe? Ela, quando a gente 
chegou lá, ela, poxa, feliz da vida da gente estar lá, sabe? Quase, assim, parceiro de trabalho ali com",203,0ef37afc369ea13b953e,v2,agosto,None,3cs_perfumes,nao_inferido,nao_inferido,nao_inferido,entrevista_em_profundidade,m4a
doc_ecbea0911b71e6fa,doc_ecbea0911b71e6fa_ch_0027,27,pt,"Speaker 3 - 27:01
 
 Hidratado, mancha, as manchas no meu corpo clareou. Sabe, ele não me deixa ruxo. O meu pé, eu tô passando no 
meu pé, se eu escrevo, e melhorou no meu pé, sabe? Eu gosto muito. Esse e aquele roxinho. O roxinho eu não uso 
mais. Mas o roxinho eu uso mais. Esse, se eu der é mais bonito. 
 
Meeting Title: DG4_Radiosa_CFs_0412_13h30.m4a Meeting created at: 13th Mar, 2026 - 10:41 AM
28 / 118
 
 
 
Speaker 1 - 27:29
 
 Por quê? 
 
 
 
 
 
Speaker 3 - 27:30
 
 Tanto que a minha, essa parte aqui do meu pé, essa parte, Tem que tomar cuidado porque fica brilhoso assim, ó. 
Meu namorado sempre fala que eu passei óleo. 
 
 
 
 
Speaker 1 - 27:43
 
 Fica brilhante a pele, mas é bom a pele ficar brilhante? 
 
 
 
 
 
Speaker 3 - 27:47
 
 Então, é que eu acho que a pele negra já é uma pele meio brilhosa, né? Olha, eu tô sem greme agora. Tá, 
 
 
 
 
Speaker 1 - 27:58
 
 Mas você tem que falar, porque depois eu vou ler, depois tem que falar. Tudo que vocês falarem do visual, eu 
preciso que vocês descrevam. 
 
 
 
 
 
Speaker 3 - 28:04
 
 Mas assim, eu acho que a pele negra já é uma pele brilhosa, já é uma pele... E aí, quando a gente passa creme, eu 
não passo por",219,3d262db337cb888f9b79,v2,dezembro,None,radiosa,nao_inferido,nao_inferido,nao_inferido,nao_inferido,m4a
doc_3a9c3f93806290fb,doc_3a9c3f93806290fb_ch_0001,1,pt,"Speaker 1 - 00:04
 
 Olá, tudo bem? Que bom ver você por aqui. Nós somos Akira, uma empresa dedicada a entender 
comportamentos, necessidades e desejos das pessoas. Assim, ajudamos diferentes marcas a melhorarem os 
produtos, serviços e experiências que oferecem aos seus consumidores. Por isso, você é a figura principal nesta 
pesquisa. Estamos animados pela nossa conversa e curiosos para saber o que você tem a nos contar sobre 
diferentes assuntos. Antes de começar, aproveite para pegar uma água e ir ao banheiro. Assim, você não precisa 
sair durante a conversa. Agora, para que você não tenha nenhuma preocupação durante o nosso bate-papo, 
escolha local confortável, com boa iluminação e sem barulhos externos que possam atrapalhar a sua atenção. 
Coloque seu aparelho em local estável e com boa conexão de internet. Também aproveite para verificar se sua 
câmera e seu áudio estão funcionando corretamente. 
 
 
 
 
Speaker 1 - 01:06
 
 Se tudo estiver ok, basta deixar seu microfone no silencioso enquanto outra pessoa estiver falando. Lembre-se de 
manter sua câmera sempre aberta durante toda a conversa. Caso sua conexão fale, não se desespere, conecte-se 
novamente. Estaremos",187,1c0a0a7a56dfd99201b2,v2,outubro,None,jack_pearson,brasil,nao_inferido,nao_inferido,nao_inferido,pdf
doc_fcc334ae6da3d7f2,doc_fcc334ae6da3d7f2_ch_0007,7,pt,"ha visto isso, nunca tinha reparado, mas o que me chamou 
muito a atenção foi essa coisa do presente muito bem trabalhado, com muito destaque na loja deles. E na nossa, 
enfim, fazendo aqui todas as ressalvas, não é uma loja própria, é uma loja que tem. Já achei assim, a loja estava 
escura, sabe? Uma iluminação mais baixa, sem música, clima mais mortinho, sabe? Clima mais não tão alto 
astral. E a perfumaria com muito destaque. 
 
 
 
 
Speaker 1 - 13:27
 
 Não era a vitrine, porque acho que o foco ali do momento era o todo dia, toda noite. Mas assim, acho que estava 
ali bem representado, baita destaque. Você via que era lugar mais nobre ali da loja, a perfumaria. Item que é best-
seller nosso do varejo, bem na porta ali para trial, sabe? Para as pessoas passarem, com fita olfativa também, 
para quem quiser borrifar, que é o Natural Bem Corajo. Mas dentro ali clima mais sóbrio, com uma luz mais baixa, 
sem música, uma coisa que fica mais uma sobriedade, eu acho, e presentes muito mal trabalhado ali. Eu até 
perguntei, eu queria dar presente, né? O que é que tem de perfumaria e tal? Ela me levou num cantinho mais 
escondido da loja, numa gôndola, abriu uma gavetinha e me mostrou",216,51877c0e03e2ecaa2266,v2,agosto,None,3cs_perfumes,nao_inferido,nao_inferido,nao_inferido,entrevista_em_profundidade,m4a
doc_4b466654cd374bdf,doc_4b466654cd374bdf_ch_0073,73,pt,"Speaker 2 - 57:37
 
 Não, mas você compara que uma empresa quando resolve ter uma fusão com a outra, isso já tá sendo estudado, 
né? Então prepara as pessoas antes, depois tu. 
 
 
 
 
Speaker 1 - 57:45
 
 Joga a informação no mercado. Essa é a função. Já tá a função mesmo. 
 
 
 
 
 
Speaker 2 - 57:47
 
Meeting Title: 
DG9_Mercato_271123_16h00_Roxa.mp3
Meeting created at: 16th Mar, 2026 - 4:52 PM
80 / 156
 Com certeza, uma fusão de uma empresa não acontece de dia pra outro, gente. O jeito que aconteceu parece 
Tipo, a comprança... 
 
 
 
 
Speaker 1 - 57:55
 
 Eu disse que eu queria entender. Ficou a impressão certa? 
 
 
 
 
 
Speaker 2 - 57:58
 
 Sim, sim. 
 
 
 
 
Speaker 1 - 57:59
 
 Sabe que eu não vou, é porque. 
 
 
 
 
 
Speaker 2 - 57:59
 
 Ele já devia ter falado. Óbvio, então por que não treinou essas pessoas antes? 
 
 
 
 
Speaker 1 - 58:03
 
 Ficou uma impressão de que foi do nada. 
 
 
 
 
 
Speaker 2 - 58:05
 
 Foi. E aí tem bagunça, porque quando tu tem algo novo, normal ter bagunça. Eu volto. Demora pra ajustar. 
 
 
 
 
Speaker 1 - 58:12
 
 Eu volto. 
 
Meeting Title: 
DG9_Mercato_271123_16h00_Roxa.mp3
Meeting created at: 16th Mar, 2026 - 4:52 PM
81",195,259a68464ac6ce917c12,v2,novembro,None,mercato_brasil,nao_inferido,nao_inferido,nao_inferido,nao_inferido,pdf
doc_d9b928d2f9d57ae9,doc_d9b928d2f9d57ae9_ch_0065,65,pt,"reated at: 16th Mar, 2026 - 4:35 PM
68 / 145
 
 
 
 
 
Speaker 3 - 56:14
 
 E quem está fazendo recorrentemente pedidos de avô? Eu estou pedindo, mas não está chegando. 
 
 
 
 
 
Speaker 4 - 56:25
 
 Exatamente. 
 
 
 
 
 
Speaker 3 - 56:27
 
 Mas o que a gente está pedindo? Vai, já vou. O que tá saindo? 
 
 
 
 
 
Speaker 4 - 56:30
 
 Maquiagem em casa estilo. 
 
 
 
 
 
Speaker 3 - 56:32
 
 É, maquiagem em casa estilo. 
 
 
 
 
Speaker 1 - 56:33
 
 A linha toda do Power Stay, aqueles crepes depilação que teve uma mulher que me pediu 10 e eu falei, meu Deus, 
será que isso funciona mesmo? 
 
 
Speaker 4 - 56:43
 
Meeting Title: 
DG1_Mercato_231123_14h00_COMPLEMENTO.mp3
Meeting created at: 16th Mar, 2026 - 4:35 PM
69 / 145
 
 
 Funciona. 
 
 
 
 
Speaker 1 - 56:43
 
 Aí eu fui testar. 
 
 
 
 
 
Speaker 2 - 56:45
 
 Funciona. 
 
 
 
 
Speaker 1 - 56:45
 
 Funciona divertido. 
 
 
 
 
 
Speaker 4 - 56:46
 
 Fiquei toda empolgada. 
 
 
 
 
 
Speaker 3 - 56:48
 
 Ela tá com batom, ela falou. 
 
 
 
 
Speaker 1 - 56:50
 
 Não, eu tenho também. 
 
 
 
 
Speaker 5 - 56:52
 
Meeting Title: 
DG1_Mercato_231123_14h00_COMPLEMENTO.mp3
Meeting created at: 16th Mar, 2026 - 4:35 PM
70 / 145",183,4d9d16c465e049bd3037,v2,novembro,None,mercato_brasil,nao_inferido,nao_inferido,nao_inferido,nao_inferido,pdf
doc_5c06d290f301eadb,doc_5c06d290f301eadb_ch_0013,13,pt,"o da natura e o produto de qualidade 
é muito similar. E tem gente que prefere a Natura mesmo, né? Por exemplo, a linha Eco, você perder sabonete em 
barra da linha Eco se acabou, tem cliente que só quer aquele ou da linha todo dia. Então, assim, a oferta de 
produtos da Natura em relação a a esses itens de higiene pessoal melhor, mais diversificada do que a do Boticário 
com preço mais afetível, porque todo tipo tem outro em promoção. 
 
 
 
 
Speaker 1 - 15:27
 
 E como que você... Você falou pouquinho que seus clientes são pessoas ou da região ou como foram indicados, 
mas assim, me fala pouquinho como você define o perfil, assim, dos seus clientes hoje? 
 
 
 
 
 
Speaker 2 - 15:40
 
 Olha, eu tenho perfil totalmente feminino, não tenho cliente masculino, só meu marido. Mas é totalmente 
feminino, e normalmente mulheres de [IDADE] anos para cima. 
 
 
 
 
Speaker 1 - 16:02
 
 E aí você já comentou pouco do que eles costumam te procurar, o que dão de preferência em cada marca, o seu 
relacionamento com eles é digital, pelo que entendi, você faz isso via WhatsApp, via redes sociais, qual que é o 
seu principal foco, canal de comunicação com eles? 
 
 
 
 
 
Speaker 2 - 16:20",207,1609c3fcac4357aea173,v2,maio,None,natura_3cs,nao_inferido,natura,consultoras,nao_inferido,m4a
doc_9ed820073ce06c76,doc_9ed820073ce06c76_ch_0092,92,pt,"se daí, mas... É outra coisa também assim que é o menos importante pra mim, 
sinceramente. 
 
 
 
 
 
Speaker 2 - 01:40:50
 
 Bom, deixa eu falar uma coisa agora, 
 
 
 
 
 
Speaker 4 - 01:40:53
 
 Depois eu quero ver a reação dos comentários dela. 
 
 
 
 
 
Speaker 2 - 01:40:55
 
Meeting Title: Q2_Biome_1104_14h30.m4a Meeting created at: 18th Mar, 2026 - 9:56 PM
67 / 98
 Eu queria que vocês me falassem dessa embalagem externa aqui, ó. 
 
 
 
 
Speaker 3 - 01:40:59
 
 Bonita. 
 
 
 
 
 
Speaker 2 - 01:41:01
 
 Vamos falar o que ela tá passando, o que ela tá transmitindo. 
 
 
 
 
 
Speaker 7 - 01:41:06
 
 Pra mim ela tá parecendo ser de plástico e eu não compraria. 
 
 
 
 
 
Speaker 2 - 01:41:11
 
 Ela não é reciclável. 
 
 
 
 
Speaker 5 - 01:41:12
 
 Não, ela não é reciclável. 
 
 
 
 
 
Speaker 7 - 01:41:14
 
 Olhando assim, parece de concha. 
 
 
 
 
Speaker 2 - 01:41:16
 
Meeting Title: Q2_Biome_1104_14h30.m4a Meeting created at: 18th Mar, 2026 - 9:56 PM
68 / 98
 
 Aqui não está mostrando, mas tem texto que explica que ela não é reciclável. 
 
 
 
 
Speaker 5 - 01:41:21
 
 Sim, sim. 
 
 
 
 
 
Speaker 2 - 01:41:22
 
 É o pessoal. 
 
 
 
 
Speaker 5 - 01:41:24
 
 Eu",197,612b6b60de6e532a1a4b,v2,abril,None,biome,nao_inferido,nao_inferido,nao_inferido,nao_inferido,pdf
doc_b6fd5d628bb2710e,doc_b6fd5d628bb2710e_ch_0124,124,pt,"o T1. 
 
 
 
 
 
Speaker 2 - 01:31:54
 
 Tudo código, né? 
 
 
 
 
Speaker 1 - 01:31:56
 
 Tudo código. Eu quero ter muita coisa, né? Senão você fica doido. Vou escrever sobre isso e falar sobre isso. Esse 
é o T1. 
 
 
 
 
 
Speaker 2 - 01:32:07
 
 Não gostei, não? Não gostei. Mas a única coisa que tá diferente basicamente é o refil. 
 
 
 
 
Speaker 4 - 01:32:13
 
Meeting Title: DG6_Anima_0712_10h00 .mp3 Meeting created at: 18th Mar, 2026 - 4:40 PM
161 / 205
 
 Eu acho que os outros parecem uma garrafinha de cerveja. 
 
 
 
 
Speaker 1 - 01:32:16
 
 Só o refil é diferente. Parece garrafinha de cerveja. 
 
 
 
 
 
Speaker 2 - 01:32:21
 
 E essa máscara tá muito... O da máscara tá muito feio. 
 
 
 
 
Speaker 1 - 01:32:25
 
 É? Máscara muito feia. 
 
 
 
 
 
Speaker 2 - 01:32:28
 
 Tipo, me dá .. 
 
 
 
 
Speaker 1 - 01:32:30
 
 O que é isso? 
 
 
 
 
 
Speaker 2 - 01:32:31
 
 Tá. 
 
 
 
 
Speaker 1 - 01:32:32
 
 Bom, já ouvi que vocês não gostaram, mas não tinha que perguntar. 
 
Meeting Title: DG6_Anima_0712_10h00 .mp3 Meeting created at: 18th Mar, 2026 - 4:40 PM
162 / 205
 
 
 
 
 
Speaker 4 - 01:32:35
 
 Só seria legal gostar de parecer uma garrafinha de cerveja se fosse",201,15a49e392401c8e8c250,v2,dezembro,None,anima,nao_inferido,nao_inferido,nao_inferido,nao_inferido,pdf
doc_20c080a645217030,doc_20c080a645217030_ch_0015,15,pt,"108
 
 
 
 
Speaker 6 - 20:33
 
 Contaria que é uma propaganda de hidratante corporal, onde aparece, no fundo da propaganda, aparece floresta e 
fala sobre o hidratante, onde ela vai passando pelo corpo, mostrando a leveza, a maciez que aquele hidratante 
está proporcionando, e fala também dos benefícios da composição. Fala sobre o ácido hialurônico, que traz mais 
hidratação ao corpo, É, basicamente isso. 
 
 
 
 
 
Speaker 3 - 21:05
 
 Ana, como você contaria essa propaganda? 
 
 
 
 
Speaker 1 - 21:10
 
 Então, eu diria que é uma propaganda da natura, onde tá falando de hidratante corporal para o humano, onde no 
vídeo ele me transparece uma leveza, onde ele mostra autocuidado com no movimento do vidro e que o Tucumã 
ele ajuda a produzir o ácido hialurônico do corpo dando uma hidratação mais intensa. 
 
 
 
 
 
Speaker 3 - 21:38
 
 E que cês acharam dessa propaganda? Uma atenção de vocês. O que ficou aí para vocês depois de terem 
assistido? Luana, me conta pouquinho. 
 
 
 
 
 
Speaker 2 - 21:55
 
 Eu gostei. Eu gostei da vontade, apesar de ser de produto que é tão distante, que a gente nem conhece, que é o 
Tucumã, vem derivado disso, dá uma curiosidade. Eu acho que dá uma",197,65b88f374ba2e7f909ac,v2,abril,None,rosacea,brasil,natura,nao_inferido,nao_inferido,pdf
doc_047d9aa2d7261b26,doc_047d9aa2d7261b26_ch_0089,89,pt,"em lembro como foi. Agora tudo apagou também. 
 
 
 
 
Speaker 1 - 01:20:37
 
 Alguém lembra? Como é que vocês foram avisadas? 
 
 
 
 
 
Speaker 2 - 01:20:40
 
 Eu acho que foi a minha amiga. 
 
 
 
 
 
Speaker 5 - 01:20:43
 
 Que me falou que eu tava mudando. 
 
 
 
 
Speaker 1 - 01:20:46
 
 Ela me enviou uma mensagem. 
 
 
 
 
Speaker 2 - 01:20:49
 
Meeting Title: DG3_Mercato_211123_14h00.mp3 Meeting created at: 16th Mar, 2026 - 4:38 PM
106 / 156
 
 Não, ela me enviou uma mensagem de vídeo. Ela falou pra mim, olha, sinto informá-la, mas não vou poder. 
 
 
 
 
Speaker 1 - 01:20:56
 
 Ela começou assim, sinto informá-la. 
 
 
 
 
 
Speaker 2 - 01:20:58
 
 Mas você vai estar mudando de setor. A partir de agora eu não vou poder ser mais a sua amiga. Mas aí eu pensei 
que eu ia ficar com a gerente, né? Pensei que o povo já tinha mudado. 
 
 
 
 
Speaker 1 - 01:21:12
 
 Entendeu, tô, vou em mídia. Ela começou, sinto te informar que não vou mais te atender. 
 
 
 
 
 
Speaker 6 - 01:21:16
 
 É, eu acho que foi assim. 
 
 
 
 
Speaker 1 - 01:21:18
 
 Eu não lembro. 
 
 
 
 
 
Speaker 2 - 01:21:19
 
 Eu sei que a história foi tão traumática pra mim que eu não... Se você falar pra mim",213,df2710466654cdc4c28e,v2,novembro,None,mercato_brasil,nao_inferido,nao_inferido,nao_inferido,nao_inferido,pdf
doc_02c37e00145d9a32,doc_02c37e00145d9a32_ch_0028,28,pt,"09
 
 Não, não, exatamente. A gente quer puro, como é no dia a dia, como é na vida normal. Me fala então, quais as 
vantagens do link de pagamento? 
 
 
Speaker 3 - 29:20
Meeting Title: EP12_Compras 
Digitais_0111_11h30.m4a
Meeting created at: 11th Mar, 2026 - 4:42 PM
23 / 56
 
 
 
 Então, pra mim o link é muito prático, né? Eu quero, preciso de uma coisa, eu vou lá e pago e já tá tudo certo, não 
preciso me preocupar. Eu acho que essa é a maior vantagem que eu tenho. A velocidade, eu não ficar perdendo 
tempo olhando outras coisas que eu não preciso. Essas são duas vantagens que sempre existem. 
 
 
 
 
 
Speaker 2 - 29:45
 
 E qual é a desvantagem? 
 
 
 
 
 
Speaker 3 - 29:48
 
 A desvantagem, eu acho que é essa parte, de vez em quando a gente quer consumir uma coisinha a mais e o link 
nem te dá essa liberdade. Eu vejo isso como, por exemplo, se eu vou pedir pelo link, se eu peço para ela algo 
específico, vem o link, paguei, para que eu vou olhar a revista? Então, assim, para mim, como eu te falei, isso sai 
como uma vantagem e como uma desvantagem, porque às vezes a gente pensa assim, esqueci de alguma coisa, 
ou então perdi aquela promoção ali que eu nem olhei.",219,90824a8d1f1f0f9751f8,v2,outubro,None,compras_digitais,nao_inferido,nao_inferido,nao_inferido,nao_inferido,m4a
doc_bd7e79d2d8b662f0,doc_bd7e79d2d8b662f0_ch_0087,87,pt,"1:15:27
 
 Pergaminho? 
 
 
 
 
 
Speaker 4 - 01:15:29
 
 Pergaminho! 
 
 
 
 
Speaker 2 - 01:15:31
 
Meeting Title: DG4_Anima_0612_14h00.mp3 Meeting created at: 18th Mar, 2026 - 4:39 PM
112 / 172
 
 Mas legal, é uma coisa que conversa muito com a dupla natural e toda essa coisa que a gente já tá falando. 
 
 
 
 
 
Speaker 4 - 01:15:38
 
 Isso, no povo ruim. 
 
 
 
 
 
Speaker 2 - 01:15:41
 
 Olha aí, mudou seu conceito. 
 
 
 
 
 
Speaker 3 - 01:15:43
 
 Mas é melhor do que imprimir atrás. 
 
 
 
 
Speaker 1 - 01:15:48
 
 Ninguém olha os rótulos. 
 
 
 
 
 
Speaker 3 - 01:15:50
 
 É, ninguém não olha. 
 
 
 
 
 
Speaker 5 - 01:15:51
 
 Eu não olho. 
 
 
Meeting Title: DG4_Anima_0612_14h00.mp3 Meeting created at: 18th Mar, 2026 - 4:39 PM
113 / 172
 
 
Speaker 3 - 01:15:53
 
 Eu não olho. 
 
 
 
 
 
Speaker 4 - 01:15:53
 
 Você olha os parabéns lá na questão. 
 
 
 
 
Speaker 1 - 01:15:55
 
 Eu olho os parabéns? 
 
 
 
 
 
Speaker 3 - 01:15:56
 
 Parabéns é a única coisa que eu leio. 
 
 
 
 
Speaker 1 - 01:16:00
 
 Não tem sal. 
 
 
 
 
 
Speaker 3 - 01:16:02
 
 Só isso agora. 
 
 
 
 
 
Speaker 2 - 01:16:03
 
 É diferente, mas é interessante. 
 
Meeting Title:",194,17032f4c61bbed62c5fe,v2,dezembro,None,anima,nao_inferido,nao_inferido,nao_inferido,nao_inferido,pdf
doc_57600d8711fbb9d4,doc_57600d8711fbb9d4_ch_0004,4,pt,"Não, tudo bem. 
 
 
 
 
Speaker 1 - 04:34
 
 Só minutinho. 
 
 
 
 
 
Speaker 2 - 05:08
 
 A gente pode começar então, Isabela? Eu vou só fazer uma introdução e aí eu... Eu compartilho a tela e aí a gente 
vai vendo de cada etapa que vocês fizeram. Como eu falei, então, a ideia é que realmente... A gente até tá 
chamando essas entrevistas de download, né? Porque a ideia é fazer uma espécie de download do que vocês 
vivenciaram, né? Porque aí eu vou trabalhar com esses dados que vocês enviaram pra gente, Mas é importante 
também ter essa conversa para assimilar melhor algumas coisas, né? Às vezes conversando traz mais vida 
também para aquilo que vocês colocaram no questionário. 
 
 
 
 
Speaker 1 - 05:51
 
 E muita coisa do que a gente tirou dali não tinha no questionário, sabe? A gente escreveu bastante coisa em 
outras informações. Você queria acrescentar? Foi onde a gente mais escreveu. Porque não necessariamente é 
uma coisa nova da perfumaria, uma coisa que eu não sabia, mas é uma coisa que a gente acha interessante, 
independente de ter sido legal ou não, sabe? 
 
 
 
 
 
Speaker 2 - 06:10
 
 Legal. É, mas assim, para não ficar muita coisa para vocês responderem depois, a",202,a443590812deeecbecce,v2,agosto,None,3cs_perfumes,nao_inferido,nao_inferido,nao_inferido,entrevista_em_profundidade,m4a
doc_813751e4679e395b,doc_813751e4679e395b_ch_0010,10,pt,"e saber limitar pouquinho mais a... O business hours nas horários comerciais, acho que isso 
a gente perdeu muito e mesmo vendo, eu estava percebendo esses dias, apesar de estar trabalhando de casa, eu 
saí e como moro aqui em Pires, tem muita empresa, eu vi que as pessoas voltaram bastante para o escritório, 
mas eu acho que ainda esse limite, esse mindset de a gente ter pouco segmentação entre as nossas várias 
facetas da vida meio que ficou nublado e muita gente ainda tem dificuldade de entender que é necessário a gente 
ter esses momentos de, não, não estou trabalhando. 
 
 
 
 
Speaker 3 - 10:48
 
 Então a gente acha que ainda a gente tem que voltar a encontrar qual uma outra dinâmica, qual uma outra 
equação correta nesse momento. Eu acho que é exercício, acho que vai ser da humanidade, não é só nosso, não. 
 
 
 
 
Speaker 4 - 11:03
 
Meeting Title: Q4_Biome_1204_14h30.m4a Meeting created at: 18th Mar, 2026 - 9:55 PM
7 / 72
 
 No meu caso eu trabalho muito, eu cuido de uma equipe grande, então eu viajo muito, a minha empresa é uma 
empresa de... Nós fazemos máquina de geradores de ozônio, então a gente atende aeroportos, atende hospitais, 
atende... Agora a Força Aérea do",207,f692d366757b6829a3ad,v2,abril,None,biome,nao_inferido,nao_inferido,nao_inferido,nao_inferido,pdf
doc_74ca043fafaaea8d,doc_74ca043fafaaea8d_ch_0017,17,pt,"Speaker 1 - 17:21
 
 Mais jovens. Por quê? 
 
 
 
 
 
Speaker 2 - 17:23
 
 Porque eu não sei. Eu não sou. Eu acho que as pessoas mais jovens vão gostar mais. 
 
 
 
 
Speaker 1 - 17:30
 
 É que eles gostam de coisa nova. 
 
 
 
 
 
Speaker 2 - 17:33
 
 Diferente. 
 
Meeting Title: DG7_Anima_0712_13h00.mp3 Meeting created at: 18th Mar, 2026 - 4:42 PM
13 / 107
 
 
 
Speaker 1 - 17:34
 
 O que você acha, Sandra? 
 
 
 
 
 
Speaker 2 - 17:34
 
 Pela tecnologia, modernidade, vai chamar também atenção dos mais jovens sim, porque os mais. 
 
 
 
 
Speaker 1 - 17:40
 
 Jovens são Mas você acha tecnológico? 
 
 
 
 
 
Speaker 2 - 17:43
 
 Eu acho. 
 
 
 
 
Speaker 1 - 17:44
 
 O que você tem de tecnológico? Interessante. 
 
 
 
 
 
Speaker 2 - 17:46
 
 Então, foi falado assim, os formatos que levam flores, levam pinto. Então assim, como a Natura trabalha com a 
biodiversidade da natureza, os ativos do Brasil, né? Então assim, os jovens também gostam dessa 
sustentabilidade. 
 
 
 
 
Speaker 1 - 17:59
 
 Que legal. 
 
 
Meeting Title: DG7_Anima_0712_13h00.mp3 Meeting created at: 18th Mar, 2026 - 4:42 PM
14 / 107
 
 
Speaker 2 - 18:00
 
 Veganos, né? Você pode ver que a Natura",186,e2ee5ae3ecae1fec0f25,v2,dezembro,None,anima,nao_inferido,nao_inferido,nao_inferido,nao_inferido,pdf
doc_2da4b14181ace08e,doc_2da4b14181ace08e_ch_0001,1,pt,"Speaker 1 - 00:20
 
 Olá. 
 
 
 
 
 
Speaker 2 - 00:32
 
 Oi, meninas, boa tarde. Prazer, eu sou a [NOME], eu que vou conversar com vocês. Obrigada por aceitarem 
nosso convite de fazer esse bate-papo aqui. A ideia é conversar hoje com vocês sobre propaganda. Então, eu vou 
mostrar umas ideias de propaganda e quero ouvir o que vocês acham, o que vocês entendem. Enfim, se chama 
atenção de vocês, se não chama. O que é importante? A gente chama várias pessoas porque, às vezes, a gente 
assiste uma propaganda. Uma entende uma coisa, a outra entende a outra. E o importante é que As duas estão 
entendendo, tá? Não é porque uma entender uma coisa diferente da sua que você vai ficar quieta, então fica à 
vontade para falar também, porque isso é bem importante aqui para a gente que está fazendo a pesquisa. 
 
 
 
 
 
Speaker 2 - 01:24
 
 Então vou pedir para a gente começar, vou pedir para vocês se apresentarem, então falar o nome, contar da 
cidade que vocês estão falando. Quiser contar alguma coisa da vida de vocês também, do que trabalha, enfim, 
vocês acharem que vale a pena. E a gente já começa, tá bom? Eu só não estou vendo a Priscila. Acabei de ver. 
Pronto. Maravilha. Quem quer",212,8924afb440fb42c1c83a,v2,abril,None,rosacea,brasil,nao_inferido,nao_inferido,nao_inferido,pdf
doc_1cecf4bbb8f06cf1,doc_1cecf4bbb8f06cf1_ch_0045,45,pt,"Speaker 3 - 59:00
 
 Vamos lá. Por que o S14, Silvane? 
 
 
 
 
 
Speaker 4 - 59:06
 
 Porque se o que eu tô vendo ali é o produto dentro, Esse produto cintilante dá uma impressão que vai ficar uma 
pele muito luminosa, sabe? 
 
 
 
 
Speaker 3 - 59:23
 
 S16, por que deu vontade de usar, Priscila? 
 
 
 
 
Speaker 5 - 59:28
 
Meeting Title: TR2 - Gaia II.m4a Meeting created at: 18th Mar, 2026 - 11:59 AM
42 / 72
 De novo, a coisa tecnológica, a leveza do produto. 
 
 
 
 
Speaker 3 - 59:34
 
 E a S17? 
 
 
 
 
Speaker 5 - 59:39
 
 Tratação, água. Água, aquela água ali dentro daquela propaganda ali me fala, gente, isso aí hidrata, isso aí é 
gostoso. Tá calor, eu quero água. 
 
 
 
 
Speaker 3 - 59:54
 
 Tem algum que não dá vontade de usar pela forma como ele tá apresentado aqui? 
 
 
 
 
Speaker 5 - 01:00:01
 
 S5. 
 
 
 
 
Speaker 3 - 01:00:05
 
 S5, Silvani. 
 
 
 
 
 
Speaker 4 - 01:00:08
 
 S4. 
 
 
 
 
Speaker 3 - 01:00:11
 
 S4. Então me contem, por que não dá vontade de usar o S4, Silvane? 
 
 
Speaker 4 - 01:00:19
Meeting Title: TR2 - Gaia II.m4a Meeting created at: 18th Mar, 2026 - 11:59 AM
43 / 72
 
 
 
 Sei, parece, eu não sei se é a cor, mas ele não me diz nem",213,330f57dda9b5c4ab1446,v2,fevereiro,None,gaia_ii,nao_inferido,nao_inferido,nao_inferido,nao_inferido,pdf
doc_fcc334ae6da3d7f2,doc_fcc334ae6da3d7f2_ch_0025,25,pt,"_Flávia.m4a
Meeting created at: 20th Mar, 2026 - 5:07 PM
14 / 29
 
 Tá. Aí eu perguntei se ele, a gente perguntou, né, se ele dá perfume de presente. Ele fala que sim, pra esposa. Eu 
falei, e o que você dá? Eu dou os que eu já sei que ela gosta. Então ele também não arrisca, não. Ele dá... 
 
 
 
 
Speaker 1 - 35:06
 
 Vai para o ambiente controlado que ela gosta e tal e ele falou que ele já comprou dentre os que ela gosta ele já 
comprou que vinha com pequenininho igual só que pequenininho ele escolheu esse dentro daqueles que ela 
gostava ele escolheu porque vinha esse pequenininho que ele fala que é muito bom que dá para levar ele falou 
tamanho pequenininho é muito bom eu já comprei perfume por causa disso né e foi esse presente da esposa que 
vinha o grande mais o pequeno eu falei tá então você dá perfume para sua esposa e é e você ganha de presente 
né perfume ele falou se for me dar, tem que conhecer meu gosto"". Deu a entender que, assim, é algo muito 
pessoal. E que ele só dá pra pessoas que ele conhece muito bem. Ou também só recebe de pessoas que 
conhecem ele muito bem. 
 
 
 
 
Speaker 1 - 36:07
 
 Então, a mãe, a esposa... Aí ele falou, mas eu já dei natural homem",230,51877c0e03e2ecaa2266,v2,agosto,None,3cs_perfumes,nao_inferido,nao_inferido,nao_inferido,entrevista_em_profundidade,m4a
doc_ca13ed7a8ce3eb34,doc_ca13ed7a8ce3eb34_ch_0071,71,pt,"at: 20th Mar, 2026 - 5:11 PM
44 / 56
 
 
 
Speaker 1 - 01:38:01
 
 Quando você vai no YouTube procurar, vamos supor, tinta vermelha da Colestom, será que é boa ou é ruim? Lá no 
YouTube eu coloco, quando eu pinto o meu cabelo de preto. É o que foi que eu fiz, que o meu cabelo, em menos 
de dois anos, tá chegando perto do bumbum. Que o meu cabelo eu cortei parecendo homem sofista. E aí eu me 
arrependi, porque eu queria voltar a buscar tudo isso aí causa engajamento daquelas pessoas que não te 
conhecem, tá? Não tenho nenhum meio artístico nem nada não, tá? Nada de coisa de televisão, nada disso. É 
porque eu coloco lá, porque às vezes pode te ajudar. 
 
 
 
 
 
Speaker 2 - 01:38:38
 
 E isso é uma causa. Isso, mas aí elas te ligam, tipo assim, gerou engajamento, elas te conheceram, aí elas te 
ligam e te fazem pedido, né? 
 
 
 
 
Speaker 1 - 01:38:47
 
 Não, não, a Natura tem uma rede que se chama Rede Natura, que você consegue, lembra que no começo eu te 
disse que eu consigo comprar para o cliente ou auxiliar ele para ele comprar de qualquer lugar do Brasil, a Natura 
mesmo entrega? Pronto, a Natura tem uma loja pra cada uma consultora, eu também sou consultora, eu tenho, 
né?",224,cef115eec5b2f1b1d7b2,v2,agosto,None,3cs_perfumes,nao_inferido,nao_inferido,lideres,entrevista_em_profundidade,m4a
doc_c8cb62c97a6b1133,doc_c8cb62c97a6b1133_ch_0007,7,pt,"a Meeting created at: 20th Mar, 2026 - 3:00 PM
8 / 49
 
 
 
 Prazer, Fernanda. 
 
 
 
 
 
Speaker 4 - 06:49
 
 Prazer, tudo bem? 
 
 
 
 
 
Speaker 2 - 06:51
 
 Tudo. 
 
 
 
 
Speaker 1 - 06:53
 
 Oi. Carol, você faz alguma ideia se a Polly ou a Erika vão entrar ou não? 
 
 
 
 
 
Speaker 4 - 06:59
 
 Não faço ideia, gente. 
 
 
 
 
Speaker 1 - 07:00
 
 Tá, deixa eu só ver se elas... A Thaís acabou de mandar, que você estava tentando entrar, deixa eu já avisar que 
você entrou. 
 
 
 
 
 
Speaker 4 - 07:07
 
 Isso, consegui. 
 
 
Meeting Title: EP7_Download_3Cs.m4a Meeting created at: 20th Mar, 2026 - 3:00 PM
9 / 49
 
Speaker 1 - 07:08
 
 A Thaís acabou de me mandar aqui. 
 
 
 
 
 
Speaker 4 - 07:09
 
 Ela até mandou aqui para facilitar, mas eu já tinha conseguido, vocês me ajudaram por aqui mesmo. 
 
 
 
 
Speaker 1 - 07:16
 
 É, já te coloquei como painelista, né? 
 
 
 
 
 
Speaker 4 - 07:17
 
 Isso, foi ótimo. 
 
 
 
 
 
Speaker 2 - 07:22
 
 Acho que a gente espera uns cinco minutinhos para ver se... E se a Paula e a Erika vêm, senão eu começo contigo 
representando o trio, tá bom? 
 
 
 
 
 
Speaker 4 - 07:32
 
 Tá bom, combinado. 
 
 
 
 
Speaker 1 - 08:03
 
 Obrigada.",197,34c90e19e4fb4935d09b,v2,maio,None,natura_3cs,nao_inferido,natura,nao_inferido,nao_inferido,m4a
doc_0f20528122df94e9,doc_0f20528122df94e9_ch_0002,2,pt,"1:01
 
 Tá bom. Vou chamar de Angélica, que foi como você se apresentou, então. 
 
 
 
 
 
Speaker 2 - 01:04
 
 Tá bom. 
 
 
 
 
Speaker 1 - 01:05
 
 Angélica, eu não me apresentei também, né? Eu sou a [NOME], eu tô aqui representando a Kira, que é uma 
empresa de pesquisa de mercado independente. Então, como a Thais falou, a gente garante a sua 
confidencialidade e a gente também No caso, eu aqui tenho uma postura neutra, então a gente vai falar de 
marcas, você fique à vontade para falar bem ou mal, para trazer opiniões positivas ou negativas, que eu não estou 
aqui necessariamente representando uma empresa específica, tá bom? 
 
 
 
 
 
Speaker 2 - 01:34
 
 Certo. 
 
 
 
 
Speaker 1 - 01:35
 
 Hoje a gente vai falar sobre cuidados pessoais, mais especificamente sobre a compra de produtos, então como 
você compra, em que locais. Mas para a gente começar, eu queria que você me contasse o que é cuidado pessoal 
para você, o que vem à sua mente quando a gente fala em cuidado pessoal. 
 
 
 
 
Speaker 2 - 01:54
 
Meeting Title: EP13_Compras 
Digitais_0111_16h45.m4a
Meeting created at: 11th Mar, 2026 - 4:42 PM
2 / 41
 
 Eu acredito que quando a gente cuida do nosso corpo, da nossa",202,2d3613315514084b5bc4,v2,outubro,None,compras_digitais,nao_inferido,nao_inferido,nao_inferido,nao_inferido,m4a
doc_e64af23fbf476840,doc_e64af23fbf476840_ch_0033,33,es,"K, entiendo. ¿Qué me quieres decir tú Ale? ¿Qué otra capita dice Viana y tecnología, qué otra cosa? 
 
 
 
 
 
Speaker 2 - 36:42
 
 Para mí se aporta porque bueno, nosotros conocemos la empresa y conocemos el producto, pero si esto lo va a 
ver gente de toda. Yo me imagino que son publicidades para redes, me imagino son publicidades para antes de 
que empiece un video en YouTube de esos que te meten así, tiene que ser súper cortito para verlo, entonces le 
hace saber a la gente, Natura, porque muchísima gente nos conoce de para empezar es Natura y Natura tiene 
productos para las arrugas, entonces para mí claro que suma esa parte y sí, obviamente buscaría que se 
complementara con todo lo que nos hace distinto, que obviamente pues ayuda a destacar la marca y el producto 
por todos sus diferenciales. 
 
 
 
 
 
Speaker 3 - 37:26
 
 OK, perfecto. Rebe, Janet, no sé si me quieren complementar algo o es la manita de la participación anterior. 
Meeting Title: Q1_Rosacea 
MEX_0404_13h00_Consultoras.m4a
Meeting created at: 18th Mar, 2026 - 10:13 PM
18 / 68
 
 
 
 
 
Speaker 4 - 37:35
 
 Generalmente el concepto de cronos habla de justamente esto de ser, de vivir tu adultez o transitar",202,712c7a10f935122da23e,v2,abril,None,rosacea,mexico,nao_inferido,nao_inferido,nao_inferido,pdf
doc_ca13ed7a8ce3eb34,doc_ca13ed7a8ce3eb34_ch_0005,5,pt,"tamente. Então, Eva, eu queria, assim, a primeira coisa, ela já fez a introdução para você, né, a outra pessoa 
que trabalha com a gente, e eu queria saber pouquinho de você, Eva, me conta quem é a Eva. 
 
 
 
 
Speaker 1 - 24:57
 
 A Eva, ela... Peraí, isso não vai ficar gravando? Tô brincando. A Eva, ela é uma pessoa que, ela é muito dinâmica, 
sou muito brincalhona, tá, Eva pessoa, como profissional. Ela é uma pessoa que corre atrás dos objetivos, de 
dinâmica, engajamento do grupo, tá? É duas pessoas totalmente diferentes. Mas é uma vida corrida, sair de uma, 
tá fazendo pra mim aqui agora, que eu parei, eu tenho que... Deu nem cinco minutos pra poder engolir alguma 
coisa e poder vir pra essa. Daqui dessa eu já vou pra outra, da natura, né? E assim é a vida. Trabalho em home 
office em casa. Hoje sou mãe, tenho dois filhos. De 18 e vai fazer [IDADE] anos. Só, casada. Eu acho que é isso. Mais 
senão passei tudo falando. 
 
 
 
 
 
Speaker 2 - 25:50
 
 Que legal, muito bom. E você é de Recife ou você é de outro lugar? 
 
Meeting Title: EP LÍDER_2908_17h00.m4a Meeting created at: 20th Mar, 2026 - 5:11 PM
5 / 56
 
 
 
Speaker 1 - 25:55
 
 Não, sou natural de Recife.",217,cef115eec5b2f1b1d7b2,v2,agosto,None,3cs_perfumes,nao_inferido,nao_inferido,lideres,entrevista_em_profundidade,m4a
doc_8d389e4147701c27,doc_8d389e4147701c27_ch_0003,3,es,"amente 
imparcial y obviamente yo reciba toda la información tal cual viene, porque ustedes van a tener la razón en todo. Y 
cuando las reuniones son en grupo, pues son muy chéveres, porque finalmente siempre está el grupo al que le 
gusta algo y el grupo al que no le gustó opinó una cosa diferente. 
 
 
 
 
Speaker 1 - 02:23
 
 En los grupos pasa muchas veces que solo uno de ustedes pueda tener una opinión y el resto preciso pues una 
cosa totalmente distinta. Entonces, si eso llega a pasar, yo sí le pido el favor al que sienta que está pensando 
distinto a los demás, porfa, no se vaya a quedar calladito, porque igual puede estar representando la opinión de 
muchos hombres mexicanos como ustedes que están allá afuera. Entonces, siempre lo que les digo, siéntanse 
libres de opinar, recuerden que ustedes van a tener la razón en todo, porque es hablar de lo que les gusta, de lo 
que no, un poco de sus hábitos y quién más que ustedes para tener esa información. Y yo estoy acá, como les 
Meeting Title: DG2_Jack Pearson_3010_22h00.m4a Meeting created at: 12th Mar, 2026 - 1:15 PM
1 / 56
decía, para recibir todo. Les pido autorización para grabar, siempre nos queda ese registro en audio",213,7e06b2d1a13e04442394,v2,outubro,None,jack_pearson,mexico,nao_inferido,nao_inferido,nao_inferido,pdf
doc_813751e4679e395b,doc_813751e4679e395b_ch_0077,77,pt,"shampoo sólido, eu tinha saboneteira, ele é maior, assim, era uma saboneteira maior, então 
ele é grande, eu falei assim, será que vai funcionar? As meninas me ofereceram quando eu estive lá, mas como eu 
estou nessa pegada de, apesar de lindo, não quero mais trazer nada desnecessário para o meu consumo, então 
eu reusei a que eu tinha. 
 
 
 
 
 
Speaker 2 - 01:23:05
 
 Só nesse texto, ó, fica pela naturalidade máxima. Produtos com no mínimo 97% dos ingredientes de origem 
natural. Kiki, como é que vocês lêem isso? Como é que vocês entendem isso? 
 
 
 
 
 
Speaker 4 - 01:23:18
 
 Menos é mais. 
 
 
 
 
 
Speaker 6 - 01:23:19
 
 Menos processado, né? 
 
 
 
 
 
Speaker 4 - 01:23:21
 
 Menos é mais. 
 
 
Meeting Title: Q4_Biome_1204_14h30.m4a Meeting created at: 18th Mar, 2026 - 9:55 PM
54 / 72
 
 
 
Speaker 3 - 01:23:24
 
 É que ela é respeitando pouco mais a natureza da gente e do ambiente, né? 
 
 
 
 
 
Speaker 2 - 01:23:31
 
 E o número 97, como soa? 
 
 
 
 
Speaker 3 - 01:23:35
 
 Fomos até onde conseguimos. Faremos melhor na próxima vez. 
 
 
 
 
 
Speaker 2 - 01:23:39
 
 Parece pouco, parece muito, parece o quê? 
 
 
 
 
Speaker 3 - 01:23:42
 
 É muito, é bastante. Mas",201,f692d366757b6829a3ad,v2,abril,None,biome,nao_inferido,nao_inferido,nao_inferido,nao_inferido,pdf
doc_44982372dd74c6da,doc_44982372dd74c6da_ch_0024,24,pt,"ficar bom na cintura, na perna, então eu prefiro não dar calça. Ou blusinha, essas coisas, entendeu? Eu 
vou mais para a linha de sempre para jantar, calçado, uma rasteirinha, É uma bijuteria que eu escolho bem 
também. Menos vestuário. Vestuário é uma coisa que eu acredito que consegue ser bem específico que nem o 
perfume. 
 
 
 
 
 
Speaker 2 - 25:27
 
 Às vezes você acha que vai agradar e pode dar ruim. 
 
 
 
 
Speaker 1 - 25:30
 
 Rafael e qual que é a faixa de preço mais ou menos que você costuma gastar nesses presentinhos mimo e 
nesses presentes mais dessas ocasiões especiais existe uma faixa de preço ou não. 
 
 
 
 
 
Speaker 2 - 25:50
 
 Assim quando eu então eu avalio muito meu momento de vida. A cada mês ou cada três meses as coisas estão 
melhorando ou tem que me programar assim que eu sei a aniversário da minha namorada em dezembro então em 
novembro já estou programando para saber como é que vai ser mês como que tal meu tipo de clientes para poder 
representar de uma forma mais legal mais atrativa não só para gente mas Todo o tempo se ela quiser fazer 
alguma coisa para todos a gente sai para jantar e conseguiu diminuir o prejuízo para ela agrado ela. O ruim é que",215,b2ac3e9027b81a5869a0,v2,maio,None,natura_3cs,nao_inferido,natura,consumidoras,nao_inferido,pdf
doc_d9b928d2f9d57ae9,doc_d9b928d2f9d57ae9_ch_0075,75,pt,"o dessa fusão? Adicional? É, alguma coisa que vocês não tinham, algum 
benefício que não estava presente e que veio com a fusão? 
 
 
 
 
Speaker 1 - 01:05:15
 
 Acho que eu não identifiquei nenhum que eu lembre agora. 
 
 
 
 
 
Speaker 3 - 01:05:19
 
 Qual foi o ponto mais positivo dessa fusão pra vocês? 
 
 
 
 
 
Speaker 4 - 01:05:25
 
 Aqui está dando a possibilidade de quem não vendia como eu, o Avon vender. 
 
 
 
 
 
Speaker 6 - 01:05:29
 
 Só isso. Facilitou, porque agora, no meu caso, eu estou pensando em vender e já estou quase me rendendo a 
vender, porque... Está. 
Meeting Title: 
DG1_Mercato_231123_14h00_COMPLEMENTO.mp3
Meeting created at: 16th Mar, 2026 - 4:35 PM
81 / 145
 
 
 
 
 
Speaker 4 - 01:05:38
 
 Lá no site, né? Está lá no site. 
 
 
 
 
 
Speaker 6 - 01:05:40
 
 O Avonzinho está lá dentro todo se apresentando para mim. Olha, você vai vender, você vai se tornar uma 
consultora Avon. Então, eles são... O apelo que eles vêem é muito grande. Dá a impressão que eu não vou me 
livrar dele jamais. 
 
 
 
 
 
Speaker 2 - 01:06:00
 
 E as pessoas falaram pra mim assim, agora que você tem a sua secretária que vende pra você. Agora, se elas vão 
vender Natura, você",206,4d9d16c465e049bd3037,v2,novembro,None,mercato_brasil,nao_inferido,nao_inferido,nao_inferido,nao_inferido,pdf
doc_4fb6c79b4c64bba8,doc_4fb6c79b4c64bba8_ch_0105,105,pt,"Fala, Thais. A Isabela que tá com delay. Isabela, aguenta aí que eu sei que você não quis falar em cima dela, mas 
entrou depois. Vai, Thais. 
 
 
 
 
Speaker 3 - 01:40:28
 
 Todos que eu coloquei no 1, pra mim, é super inovador e moderno. Então, super cobina com a natura e também 
muito chamou minha atenção e eu quero usar. 
 
 
 
 
Speaker 1 - 01:40:39
 
 Tá. Vamos lá, Isabela. 
 
 
 
 
 
Speaker 2 - 01:40:42
 
 Eu acho que, como a Thais falou, são todos produtos inovadores e todos com uma só... Propósito, que é da 
energia. E a maioria deles, acho que se não todos, falam sobre vitalidade, de energia e tem vitamina E a maioria, 
então eu acho que combina. 
 
 
 
 
Speaker 1 - 01:41:03
 
 Tá. Se a gente... Olha, de outro jeito, esses produtos aqui, tá vendo que agora eu tirei eles do planetinha e coloquei 
eles numa régua. A régua quer dizer o seguinte, vamos pensar que a gente agora é do time da Natura que lança 
produtos. E a gente tem uma prioridade aqui pra lançar. Talvez a gente não consiga lançar 10 produtos, a gente 
viu 10. Se a gente conseguisse, trabalhasse lá natura, e só o chefe falasse não dá para lançar dez só dá para 
lançar produto dessa linha de todo dia energia",220,968c22e7585fa85adb91,v2,julho,None,havana_iii,nao_inferido,nao_inferido,nao_inferido,nao_inferido,m4a
doc_295321b3ea85e862,doc_295321b3ea85e862_ch_0065,65,pt,"lá, vou olhar assim, eu 
não compraria. Eu não compraria porque não tinha vontade de comprar. Eu acho que o visual chama a atenção. 
 
 
 
 
Speaker 4 - 49:09
 
 Ou seja, vocês estão me dizendo, eu. 
 
 
 
 
 
Speaker 3 - 49:10
 
 Vou continuar comprando por causa do produto. 
 
 
 
 
 
Speaker 2 - 49:12
 
 
Meeting Title: DG5_Anima_0612_16h30.mp3 Meeting created at: 18th Mar, 2026 - 4:39 PM
100 / 164
 É porque eu já conheço. Porque eu já conheço, agora se eu for para o lado, não conheço, vou experimentar, não 
compraria. 
 
 
 
 
 
Speaker 3 - 49:20
 
 Tá, tá. 
 
 
 
 
 
Speaker 2 - 49:20
 
 Verdade. 
 
 
 
 
 
Speaker 3 - 49:21
 
 Perfeito. Tá ótimo. Muito bom, gente. 
 
 
 
 
Speaker 4 - 49:24
 
 Parece que vai mudar o preço? 
 
 
 
 
 
Speaker 8 - 49:26
 
 Não. 
 
 
 
 
Speaker 4 - 49:26
 
 Não? 
 
 
 
 
Speaker 6 - 49:27
 
Meeting Title: DG5_Anima_0612_16h30.mp3 Meeting created at: 18th Mar, 2026 - 4:39 PM
101 / 164
 
 Não. 
 
 
 
 
 
Speaker 3 - 49:27
 
 Preço igual? Vamos comparar com o atual? 
 
 
 
 
Speaker 7 - 49:32
 
 Agora a gente põe do lado do outro. 
 
 
 
 
Speaker 4 - 49:46
 
 Diferenças entre as máscaras. 
 
 
 
 
 
Speaker 8 - 49:47
 
 É, a máscara daquele.",187,2ffdc3f140396fc83ad1,v2,dezembro,None,anima,nao_inferido,nao_inferido,nao_inferido,nao_inferido,pdf
doc_9997673909738651,doc_9997673909738651_ch_0105,105,pt,"h30.mp3 Meeting created at: 16th Mar, 2026 - 4:41 PM
124 / 133
 
 
 
 E não tem nada? 
 
 
 
 
Speaker 5 - 01:34:34
 
 Não, eu não vi nada. 
 
 
 
 
 
Speaker 2 - 01:34:35
 
 É, então. 
 
 
 
 
Speaker 1 - 01:34:36
 
 Eu tive a impressão de que... Isso foi com uma fusão? 
 
 
 
 
 
Speaker 2 - 01:34:41
 
 Foi com uma fusão. 
 
 
 
 
Speaker 5 - 01:34:42
 
 É legal, porque a gente sempre grava uns brindozinhos legais, sabe? 
 
 
 
 
 
Speaker 2 - 01:34:47
 
 Esse brindozinho que vinha pro meu... É coisa que significava, assim, pra você. 
 
 
Meeting Title: DG5_Mercato_221123_11h30.mp3 Meeting created at: 16th Mar, 2026 - 4:41 PM
125 / 133
 
Speaker 5 - 01:34:52
 
 Olha, eu tenho botão de vidro com tampa, que tá escrito assim, Coca-Cola. Até hoje eu tenho umas xícaras legais, 
 
 
 
 
 
Speaker 4 - 01:35:00
 
 Você me acaba quando moro sozinha. 
 
 
 
 
 
Speaker 2 - 01:35:03
 
 Esse gabinete não é brinde de produto. 
 
 
 
 
Speaker 1 - 01:35:06
 
 É de escolher. 
 
 
 
 
Speaker 5 - 01:35:10
 
 Tem maquiagem também. 
 
 
 
 
 
Speaker 4 - 01:35:12
 
 Uma vez eu tinha pontos X e paguei diferente de uma JBL que custa 60 reais. Tinha várias opções. 
 
 
 
 
Speaker 1 - 01:35:24
 
 E",203,aad8da01bf1f76efc8a4,v2,novembro,None,mercato_brasil,nao_inferido,nao_inferido,nao_inferido,nao_inferido,pdf
doc_3a9c3f93806290fb,doc_3a9c3f93806290fb_ch_0009,9,pt,"novos lugares, novos restaurantes, assim... É o que eu gosto. 
 
 
 
 
 
Speaker 2 - 08:35
 
 Basicamente é isso. Então tá bom, então vamos lá. Então vamos entrar nosso assunto hoje. Como eu disse pra 
vocês, eu vou apresentar algumas, agora vou começar com algumas informações que mostram pra vocês qual é o 
futuro de uma determinada marca, porque o que a gente vai de fato avaliar aqui nessa pesquisa, o foco da nossa 
pesquisa, ele depende pouco de vocês entenderem esse contexto. Então imagina isso, é quase como se a gente 
tivesse olhando o futuro dessa marca, porque normalmente as empresas planejam com antecedência o que elas 
vão fazer. Então é isso que a gente vai ver pouco, do planejamento deles, do que eles querem fazer, pra depois a 
gente conseguir avaliar uma parte específica de tudo isso que eu vou mostrar pra vocês. Então a primeira coisa 
que eu queria dizer pra vocês é que a gente vai falar da marca Natura Homem. 
 
 
 
 
 
Speaker 2 - 09:31
 
 Natura Homem é uma marca de produtos de cuidados pessoais e perfumaria voltada pra homens. E essa marca, 
ela pretende ampliar a oferta dela, os produtos, os benefícios no futuro. E aí, a gente vai ver agora qual é a 
proposta",208,1c0a0a7a56dfd99201b2,v2,outubro,None,jack_pearson,brasil,nao_inferido,nao_inferido,nao_inferido,pdf
doc_124f0c4d1195ab02,doc_124f0c4d1195ab02_ch_0003,3,pt,"tá no seu login. 
 
 
 
 
Speaker 1 - 02:22
 
Meeting Title: EP17_Consumidora_3Cs.m4a Meeting created at: 20th Mar, 2026 - 3:51 PM
3 / 49
 Às 11h30 é IP18. Depois a gente tem as duas, né? 
 
 
 
 
 
Speaker 2 - 02:32
 
 As três. Não, as duas e as três. 
 
 
 
 
Speaker 1 - 02:36
 
 Não, tem duas, as duas e duas, as três, né? 
 
 
 
 
 
Speaker 2 - 02:41
 
 Não, tá. Onze e meia, duas e três. 
 
 
 
 
Speaker 1 - 02:45
 
 Então, duas e três, só que lá pra cima a gente tem duas e três de novo. 
 
 
 
 
 
Speaker 2 - 02:49
 
 É verdade. 
 
 
 
 
Speaker 1 - 02:50
 
 A gente tem a Júlia Priscilio Neto às duas e tem agora a Mariana, o Ívio e a Tamires às quinze. 
 
 
 
 
 
Speaker 2 - 02:56
 
 Posso colocar em vermelhinho aqui pra eu não me perder nisso? Rapidinho, depois eu tiro. 
Meeting Title: EP17_Consumidora_3Cs.m4a Meeting created at: 20th Mar, 2026 - 3:51 PM
4 / 49
 
 
 
 
Speaker 1 - 03:01
 
 Eu só vou colocar realizada na das nove e meia. A minha, a sua que rolou, né? 
 
 
 
 
Speaker 3 - 03:06
 
 Isso. 
 
 
 
 
Speaker 1 - 03:08
 
 Samuel que foi você e eu que foi a Beatriz, Denise e Laís. Beleza. 
 
 
 
 
 
Speaker 4 - 03:14
 
 Ops, não, aqui não, deixa eu voltar nessa.",214,fa4f21bec30bc669e309,v2,maio,None,natura_3cs,nao_inferido,natura,consumidoras,nao_inferido,m4a
doc_9da29b5ddacac7d2,doc_9da29b5ddacac7d2_ch_0051,51,pt,"rte. 
 
 
 
 
 
Speaker 2 - 44:03
 
 Que sorte! 
 
 
 
 
Speaker 1 - 44:04
 
 Levanta a mão, quem mudou? Quem teve a líder mudada, sei lá. Todo mundo menos... Você também, né? 
 
 
Meeting Title: DG2_Mercato_211123_11h30.mp3 Meeting created at: 16th Mar, 2026 - 4:36 PM
57 / 153
 
 
Speaker 6 - 44:11
 
 A minha mudou. 
 
 
 
 
Speaker 1 - 44:13
 
 Então, nesse sentido, a minha... 
 
 
 
 
 
Speaker 4 - 44:16
 
 Isso aí eu tô tranquila. Porque antes dela ser minha... Ela era revendedora junto com o Kiko. Ela virou líder, virou 
líder de Amigas. A gente tinha esse esquema mesmo. Eu já completei meu pedido. Põe aí no seu, que o seu tá 
faltando. Aí, quando chegava a hora do boleto, a gente ia lá, fazia o PID, despegava. 
 
 
 
 
Speaker 1 - 44:40
 
 Agora eu não tenho mais. 
 
 
 
 
 
Speaker 6 - 44:42
 
 Eu não sei o que vai ter, porque eu ainda não falei qual era o seu PID. 
 
 
 
 
 
Speaker 7 - 44:49
 
 Ela é da Natura. 
 
 
 
 
Speaker 1 - 44:53
 
 Ela veio de Natura. 
 
 
Meeting Title: DG2_Mercato_211123_11h30.mp3 Meeting created at: 16th Mar, 2026 - 4:36 PM
58 / 153
 
 
 
 
Speaker 7 - 44:55
 
 Ela é Natura e agora tá me reunindo com a avó. Ela falou assim, você vai me ensinar",206,f52f3ef440910426e724,v2,novembro,None,mercato_brasil,nao_inferido,nao_inferido,nao_inferido,nao_inferido,pdf
doc_2ea20bb0263aff60,doc_2ea20bb0263aff60_ch_0090,90,pt,"cido. Parecido? 
 
 
 
 
 
Speaker 2 - 01:23:01
 
 Parecido, parecido. E aí, tudo bom? 
 
 
 
 
Speaker 1 - 01:23:05
 
 A única coisa que mudou, e os clássicos são... Mudou o refil, é a mais bonita. As gafinhas. 
 
 
Meeting Title: DG8_Anima_0712_15h00.mp3 Meeting created at: 18th Mar, 2026 - 4:45 PM
103 / 129
 
 
Speaker 2 - 01:23:17
 
 Não, mas os clássicos são mais transparentes ali, ele vai ficar na cor do coiso. 
 
 
 
 
 
Speaker 4 - 01:23:24
 
 O design não mudou tanto. Não, o design é pra ficar assim. Com certeza não, é só pra concluir a nossa pergunta. 
 
 
 
 
Speaker 3 - 01:23:34
 
 Não vale a pena mudar, se for. 
 
 
 
 
Speaker 1 - 01:23:41
 
 Pra ficar nesse formato, deixa do jeito que tá. Por que o jeito que tá, tá melhor? Porque a gente já tá acostumado. 
 
 
 
 
Speaker 3 - 01:23:50
 
 Aqui não tá aparecendo tanto? Aí parece aqueles frascos de que você falou, de outras marcas mais inferiores. Aí 
já não é tão assim. 
 
 
 
 
Speaker 1 - 01:24:03
 
 Legal. 
 
 
 
 
 
Speaker 2 - 01:24:05
 
 E o rótulo lá, por exemplo... 
 
 
Speaker 3 - 01:24:08
Meeting Title: DG8_Anima_0712_15h00.mp3 Meeting created at: 18th Mar, 2026 - 4:45 PM
104 / 129
 
 Ele pode passar as",208,03be31c55a4da084b5f8,v2,dezembro,None,anima,nao_inferido,nao_inferido,nao_inferido,nao_inferido,pdf
doc_ecbea0911b71e6fa,doc_ecbea0911b71e6fa_ch_0049,49,pt,"ador, hein? 
 
 
Speaker 2 - 48:44
 
Meeting Title: DG4_Radiosa_CFs_0412_13h30.m4a Meeting created at: 13th Mar, 2026 - 10:41 AM
50 / 118
 
 
 Porque assim, como minha pele é muito seca, aí quando eu estava gestante, a minha obstetra me recomendou eu 
sempre usar hidratante para não abrir mais as estrias. Aí eu uso ele, e à noite eu uso óleo de rosa mosqueta. 
 
 
 
 
Speaker 1 - 49:08
 
 Me conte, onde você usa o óleo de rosa mosqueta e por quê? 
 
 
 
 
 
Speaker 2 - 49:12
 
 É na barriga e na barriga, por causa das estrias, para ajudar a clarear também. Aí o hidratante, ele hidrata, né? E o 
óleo, à noite, para não ficar... Abrir mais. 
 
 
 
 
Speaker 1 - 49:28
 
 Mas você passa esse hidratante também na barriga antes do óleo ou não, só o óleo? 
 
 
 
 
 
Speaker 2 - 49:33
 
 Eu passo no corpo todo. 
 
 
 
 
Speaker 1 - 49:36
 
 De manhã e à noite? O hidratante, nas duas vezes no dia você usa? 
 
 
 
 
 
Speaker 2 - 49:41
 
 Sim. 
 
 
Speaker 1 - 49:42
Meeting Title: DG4_Radiosa_CFs_0412_13h30.m4a Meeting created at: 13th Mar, 2026 - 10:41 AM
51 / 118
 
 
 Só que o óleo só à noite. 
 
 
 
 
 
Speaker 2 - 49:43
 
 Para ficar mais... Dar mais firmeza, né? E tanto que o",207,3d262db337cb888f9b79,v2,dezembro,None,radiosa,nao_inferido,nao_inferido,nao_inferido,nao_inferido,m4a
doc_d7948b6302ad2fee,doc_d7948b6302ad2fee_ch_0090,90,pt,"peaker 1 - 01:19:43
Meeting Title: DG2_Anima_0512_14h30.mp3 Meeting created at: 18th Mar, 2026 - 4:37 PM
109 / 164
 
 Folhas, cascas e troncos. Muito legal. 
 
 
 
 
 
Speaker 2 - 01:19:46
 
 Olha o creme de cabelo lindo. 
 
 
 
 
Speaker 1 - 01:19:49
 
 O creme de cabelo tá bonito? 
 
 
 
 
 
Speaker 2 - 01:19:51
 
 Sim, tá lindo. 
 
 
 
 
Speaker 1 - 01:19:52
 
 Tudo. Bom, teve alguma coisa aí que vocês não gostaram, incomodou? Não? Não, não. Muito bom. 
 
 
 
 
 
Speaker 2 - 01:20:00
 
 O que eu entendi é que aqui. 
 
 
 
 
Speaker 1 - 01:20:03
 
 Você tem formato novo, diferente, e lá nas outras também tem formato novo, diferente? Também tem. 
 
 
 
 
 
Speaker 3 - 01:20:09
 
Meeting Title: DG2_Anima_0512_14h30.mp3 Meeting created at: 18th Mar, 2026 - 4:37 PM
110 / 164
 O refil continua aparecendo uma gota, né? 
 
 
 
 
Speaker 1 - 01:20:11
 
 É esse aqui, né? 
 
 
 
 
 
Speaker 3 - 01:20:13
 
 No começo, o óleo... 
 
 
 
 
Speaker 1 - 01:20:15
 
 O xampu e o crepe também parece uma gota. 
 
 
 
 
 
Speaker 3 - 01:20:16
 
 É, parece uma gota pouquinho mais natureza, cheia, claro. 
 
 
 
 
Speaker 1 - 01:20:20
 
 Xampu e condicionador parece uma gota, natureza e chuva, é isso?",199,cf574a34fb520380a85e,v2,dezembro,None,anima,nao_inferido,nao_inferido,nao_inferido,nao_inferido,pdf
doc_33806bf9e4eb621f,doc_33806bf9e4eb621f_ch_0004,4,pt,"Speaker 1 - 03:07
 
 Então você gosta de dar de presente tanto na sua família quanto também no... Dar e receber, né? Ganhar também 
tanto na sua família quanto no trabalho, é isso? 
 
 
 
 
 
Speaker 2 - 03:19
 
 Isso. 
 
Meeting Title: EP10_Consumidora_3Cs.m4a Meeting created at: 20th Mar, 2026 - 3:05 PM
3 / 18
 
 
 
Speaker 1 - 03:21
 
 E quando você presenteia assim, por que você gosta? Me fala pouquinho mais para eu entender. Você falou que 
você gosta de dar presente, né? Para as pessoas. 
 
 
 
 
 
Speaker 2 - 03:31
 
 Presentear, para mim, é uma forma, sei lá, de celebrar uma amizade, de mostrar o quanto é querido, quanto aquela 
pessoa... Você tem apreço por ela. E não precisam ser datas. Às vezes, a filha mesmo sendo mãe, para ela 
desgastar, porque eu vejo alguma coisa na vitrine, eu gosto e eu levo para ela. Presenteio demais. E eu me sinto 
bem. Sei lá, é uma necessidade que eu tenho. 
 
 
 
 
Speaker 1 - 04:02
 
 Sempre foi assim? 
 
 
 
 
 
Speaker 2 - 04:05
 
 Hoje eu apresentei o mesmo, né? Devido à pandemia, a situação ficou mais, né? Ficou pouquinho mais ruim para 
todos, mas deu certo. Eu gosto sempre de estar presenteando. Não sei, pode ser até uma",205,ec1cfac98ffb53579597,v2,maio,None,natura_3cs,nao_inferido,natura,consumidoras,nao_inferido,m4a
doc_e64af23fbf476840,doc_e64af23fbf476840_ch_0001,1,es,"Speaker 1 - 00:02
 
 ¿Cómo están, chicas? Me da gusto saludarlas, me da gusto conocerlas. Gracias por conectarse muy puntuales, 
gracias por hacer el previo de ver nuestro audio y así me presento de manera formal. Mi nombre es Danae 
Romero, me pueden decir Dana, me pueden hablar de tú con toda confianza, por favor, también a mí permítanme a 
ustedes hablarles de tú. Les quiero contar rapidísimamente, antes de que me hagan favor de presentarse cada 
una de ustedes, pues un poquito la dinámica muy general. La dinámica es, obviamente, aquí estamos nosotros 
con algunas preguntas, vamos a estar viendo algunos materiales, de manera que les pido por favor, toda su 
atención posible cuando estén viendo los materiales, porque son cosas muy rápidas, entonces hay que prestar 
muchísima atención. 
 
 
 
 
Speaker 1 - 00:52
 
 Vamos a estar viendo materiales en Zoom, entonces si alguna de ustedes de repente quiere agrandar su pantalla, 
ya saben, con sus deditos pueden agrandar para ver algún detalle, algunos son vídeos y otras son cosas fijas, 
entonces en el vídeo pues sí creo que no pueden agrandar, pero en la parte fija creo que sí. Y nada más como 
contarles que, pues realmente aquí lo",200,712c7a10f935122da23e,v2,abril,None,rosacea,mexico,nao_inferido,nao_inferido,nao_inferido,pdf
doc_95f0f8f3bf008a0b,doc_95f0f8f3bf008a0b_ch_0052,52,pt,"não tem. Não 
tem. 
Meeting Title: EP15_Consultora_3Cs.m4a Meeting created at: 20th Mar, 2026 - 3:49 PM
32 / 39
 
 
 
 
Speaker 1 - 54:52
 
 Mas tudo bem, não tem problema. 
 
 
 
 
 
Speaker 2 - 54:53
 
 Elas são todas cor de laranja e não são tão fortes, resistentes. Tem que ser forte. As antigas, é papelão que... Eu 
posso pôr monte de coisa que eu não tenho medo de rasgar. Essas atuais eu tenho. Então, assim, como eu tenho 
pouquinho, uma história antiga lá, faz tempinho, eu tenho as caixas aqui em cima, que eu uso como decoração no 
espaço. Antiga, que não faz mais e também não vendo, não dou. Elas eram muito boas. A nature vestia muito na 
embalagem do presente, entende? A embalagem, talvez eles tinham aquele conceito que a embalagem vale mais 
do que o que tem dentro. Então as caixas, o que eles preparavam antes era muito bom. Agora não muito, agora tá 
nos produtos, entende? Então, eles colocam mais produtos, mais coisas, numa sacola não tão cheia de... Né? 
 
 
 
 
 
Speaker 2 - 55:50
 
 Eu coloquei essa porque o cliente vale a pena, o kit também eu acho que chamava, uma sacola melhorzinha. 
Coloquei esse lacinho aqui pra, né? Eu vou trocar esse papel aqui, vou pôr o",210,78e3f304a6efc5396959,v2,maio,None,natura_3cs,nao_inferido,natura,consultoras,nao_inferido,m4a
doc_9997673909738651,doc_9997673909738651_ch_0090,90,pt,"mandam muito treinamento, eu 
pelo menos Nesse sentido, eu recebo mais noticário do que natura. Não sei se é porque a Natura é recente. Eu 
nem sabia de grupo. Nem estava em grupo. Entendeu? Não, eu não estou em grupo da Natura. Agora, noticário 
não. Toda hora eu estou lá mandando. Esse mandato em cashback. Incentivos. Eu acho que acabam mandando 
mais incentivos para eu vender. Tá. 
 
 
 
 
 
Speaker 2 - 01:19:37
 
 E se você não está sentindo ainda, não. Não, não. Não quero falar. 
 
 
Speaker 5 - 01:19:42
Meeting Title: DG5_Mercato_221123_11h30.mp3 Meeting created at: 16th Mar, 2026 - 4:41 PM
105 / 133
 
 
 Eu também sinto falta. Eu sinto falta da ex-líder. Ela estava sentando essas dicas. Quem mandar hoje tem brinde 
especial. Esse kit maravilhoso. Mandava fatias. Era legal. 
 
 
 
 
Speaker 1 - 01:20:02
 
 No dia do consumidor o Boticário ficou louco. Você mandava pedido. Você ganha muito de cashback 
incentivando você. 
 
 
 
 
 
Speaker 4 - 01:20:14
 
 A abrir mais coisas. 
 
 
 
 
Speaker 1 - 01:20:16
 
 Desconto. 
 
 
 
 
 
Speaker 2 - 01:20:19
 
 Cashback. É como a comissão do Boticário, mas. 
 
 
 
 
Speaker 1 - 01:20:25
 
 Eles te motivam a vender mais.",195,aad8da01bf1f76efc8a4,v2,novembro,None,mercato_brasil,nao_inferido,nao_inferido,nao_inferido,nao_inferido,pdf
doc_8f0f9dbe32c1bce3,doc_8f0f9dbe32c1bce3_ch_0003,3,pt,"eting created at: 18th Mar, 2026 - 10:25 PM
3 / 115
 
 
 
 
Speaker 5 - 02:09
 
 Corre atrás dos sonhos. 
 
 
 
 
 
Speaker 3 - 02:12
 
 Legal. 
 
 
 
 
 
Speaker 2 - 02:13
 
 Prazer, bem-vinda. Oi, 
 
 
 
 
 
Speaker 4 - 02:19
 
 Meu nome é Alessandra, tenho [IDADE] anos, sou de Salvador, Bahia, trabalho numa empresa de administração de 
condomínios e minha definição em uma palavra é viagem. Eu amo viajar. 
 
 
 
 
 
Speaker 3 - 02:36
 
 Amo, amo, amo. 
 
 
 
 
 
Speaker 4 - 02:37
 
 Se tiver qualquer oportunidade, eu já tenho as necessaires prontas que é só eu catar e vazar, como a gente diz 
aqui em Salvador. 
 
 
Meeting Title: Q4_Rosacea 
BR_0404_14h00_AB1_2540anos_Natura.m4a
Meeting created at: 18th Mar, 2026 - 10:25 PM
4 / 115
 
 
Speaker 2 - 02:47
 
 Já deixa a mala na porta, né, Alessandra? 
 
 
 
 
 
Speaker 4 - 02:50
 
 Não, eu já tenho uma necessaire de remédio, uma necessaire de maquiagem, uma de higiene, pronta. Você diz 
assim, vamos em tal lugar, eu cato a roupa, não tenho muito trabalho não. 
 
 
 
 
 
Speaker 2 - 03:03
 
 E olha que você mora para nós aqui do Sudeste, você mora nas férias, né? Você mora em São Paulo, você mora 
nas férias. 
 
 
 
 
 
Speaker 4 -",194,4f2e01f3337ccb54fa50,v2,abril,None,rosacea,brasil,natura,nao_inferido,nao_inferido,pdf
doc_b6665005023d6217,doc_b6665005023d6217_ch_0010,10,es,"rte ningún serum ni nada para sacar las arrugas. Sí, 
exacto, es lo que me pareció. 
 
 
 
 
 
Speaker 5 - 09:42
 
 A mí me pareció lo mismo y. 
 
 
 
 
 
Speaker 3 - 09:44
 
 Además como que fue muy rápida, o sea, como que no se dio más información del producto, como que listo, 
define amiga del tiempo. 
 
 
 
 
 
Speaker 2 - 09:55
 
 Hasta la música era como todo rápido para mí. 
 
 
 
 
Speaker 1 - 09:59
 
 OK, ¿Qué piensan que nos quisieron contar? Digo, si uno se sienta enfrente de la tele y ve esta publicidad en la 
tele, ¿Cuál es el mensaje que nos quieren dejar que no pelees contra. 
 
 
Speaker 2 - 10:09
Meeting Title: Q3_Rosacea 
ARG_0404_17h00_2540años_C1C2_Natura.mp4
Meeting created at: 18th Mar, 2026 - 10:05 PM
10 / 142
 
 
 
 La edad para mí, porque como tenés que hacer amiga del tiempo, es como que amigate con las líneas o no pelees 
contra las líneas como decía Manu, me parece algo así como que la contradictoria? 
 
 
 
 
 
Speaker 5 - 10:20
 
 OK, ¿Qué más? 
 
 
 
 
Speaker 1 - 10:22
 
 ¿Qué otra cosa sienten que nos quisieran decir? 
 
 
 
 
 
Speaker 6 - 10:27
 
 Que el producto no está pensado para una mujer joven o una persona mayor, sino que mostraba",203,68931ee69f3f306d4215,v2,abril,None,rosacea,argentina,natura,nao_inferido,nao_inferido,pdf
doc_5e9eef5d22c00bcf,doc_5e9eef5d22c00bcf_ch_0057,57,pt,"ui. O que eu tô ouvindo aqui é, nos 
primeiros foi mais difícil. Pô, é o começo, tudo, todo momento. 
 
 
 
 
 
Speaker 6 - 56:01
 
 Agora a gente tá criando de novo, 
 
 
 
 
Speaker 1 - 56:03
 
 Então não interessa se vê da [ENDERECO], se vê da [ENDERECO], tá aqui na equipe, gente, né? Não é assim. 
 
 
 
 
 
Speaker 2 - 56:08
 
 É uma verdade igual a nossa. 
 
 
 
 
 
Speaker 8 - 56:10
 
 Você... Pela voz você sabe quem é natura e quem é natura. Eu não vou passar pedido, não pedir pra mudar de 
líder, eu passo quando eu quiser. Oi, minha flor, seja bem-vinda. 
 
 
Meeting Title: DG7_Mercato_231123_09h00.mp3 Meeting created at: 16th Mar, 2026 - 4:49 PM
60 / 133
 
 
 
Speaker 7 - 56:25
 
 Qual que é a editora? 
 
 
 
 
Speaker 1 - 56:26
 
 A da Natura tá mais nervosa ali. 
 
 
 
 
 
Speaker 8 - 56:31
 
 É a mãe do cara, né? 
 
 
 
 
Speaker 7 - 56:34
 
 Então, tenta o banho. 
 
 
 
 
Speaker 1 - 56:39
 
 Vamos lá, eu preciso entender se isso é sentimento que tá peredurando, né? Porque a Rosana exige várias vezes 
essa coisa, tipo, Não imbate. Aqui era a natura e agora tem líder a vô. Fica mais na reativa. Vocês estão 
percebendo isso? 
 
 
 
 
 
Speaker 2 - 56:54
 
 Não é a",209,70b96e73efcb6284bd16,v2,novembro,None,mercato_brasil,nao_inferido,nao_inferido,nao_inferido,nao_inferido,pdf
doc_474985d7ea9b5b8b,doc_474985d7ea9b5b8b_ch_0002,2,es,"ber respuestas que sean 
correctas ni incorrectas, solamente eso, es el punto de vista de cada una. Bien, después. Bueno, ahora antes de 
arrancar me gustaría que cada una se presente, no sé, que me cuenten lo que quieran, su nombre, con quién viven, 
a qué se dedican o lo que les guste, así nos conocemos un poquito más y ya después arrancamos con el tema de 
hoy. No sé ¿Quién quiere empezar? 
 
 
 
 
 
Speaker 3 - 01:35
 
 Bueno, empiezo. 
 
 
 
 
Speaker 1 - 01:36
 
 Dale, María. 
 
 
Meeting Title: Q1_Bem Mães_ARG.m4a Meeting created at: 20th Mar, 2026 - 4:29 PM
1 / 66
 
 
Speaker 3 - 01:37
 
 Mi nombre es Marie, vivo con mi pareja y mis dos hijos varones. Soy maestra de primer grado, de nivel primario. Y 
nada, seguí escuchando acá la entrevista a ver qué pasa. 
 
 
 
 
Speaker 1 - 01:52
 
 Bueno, dale, perfecto, Buenísimo. Gracias, Mari. ¿A ver quién quiere seguir? Dale. 
 
 
 
 
 
Speaker 3 - 02:02
 
 ¿Qué tal? 
 
 
 
 
 
Speaker 2 - 02:02
 
 Mi nombre es Melissa. Bueno, vivo con mi marido y con mi hija que tiene dos años. 
 
 
 
 
Speaker 1 - 02:08
 
 Perfecto, buenísimo. Bienvenida. Muchas gracias. Bueno, vamos con Eli y después con María de los Ángeles. 
 
 
 
 
 
Speaker",201,a040e9bb3c83ea9160b1,v2,julho,None,bem_maes,nao_inferido,nao_inferido,nao_inferido,nao_inferido,m4a
