doc_id,chunk_id,chunk_index,texto_analise,texto_normalizado_para_duplicidade
doc_9ed820073ce06c76,doc_9ed820073ce06c76_ch_0001,1,"Speaker 1 - 00:16
 
 Olá, tudo bem? Que bom ver você por aqui. Nós somos Akira, uma empresa dedicada a entender 
comportamentos, necessidades e desejos das pessoas. Assim, ajudamos diferentes marcas a melhorarem os 
produtos, serviços e experiências que oferecem aos seus consumidores. Por isso, você é a figura principal nesta 
pesquisa. Estamos animados pela nossa conversa e curiosos para saber o que você tem a nos contar sobre 
diferentes assuntos. Antes de começar, aproveite para pegar uma água e ir ao banheiro. Assim, você não precisa 
sair durante a conversa. Agora, para que você não tenha nenhuma preocupação durante o nosso bate-papo, 
escolha local confortável, com boa iluminação e sem barulhos externos que possam atrapalhar a sua atenção. 
Coloque seu aparelho em local estável e com boa conexão de internet. Também aproveite para verificar se sua 
câmera e seu áudio estão funcionando corretamente. 
 
 
 
 
Speaker 1 - 01:18
 
 Se tudo estiver ok, basta deixar seu microfone no silencioso enquanto outra pessoa estiver falando. Lembre-se de 
manter sua câmera sempre aberta durante toda a conversa. Caso sua conexão falhe, não se desespere, conecte-
se novamente. Estaremos",speaker 0 0 0 ola tudo bem que bom ver voce por aqui nos somos akira uma empresa dedicada a entender comportamentos necessidades e desejos das pessoas assim ajudamos diferentes marcas a melhorarem os produtos servicos e experiencias que oferecem aos seus consumidores por isso voce e a figura principal nesta pesquisa estamos animados pela nossa conversa e curiosos para saber o que voce tem a nos contar sobre diferentes assuntos antes de comecar aproveite para pegar uma agua e ir ao banheiro assim voce nao precisa sair durante a conversa agora para que voce nao tenha nenhuma preocupacao durante o nosso bate papo escolha local confortavel com boa iluminacao e sem barulhos externos que possam atrapalhar a sua atencao coloque seu aparelho em local estavel e com boa conexao de internet tambem aproveite para verificar se sua camera e seu audio estao funcionando corretamente speaker 0 0 0 se tudo estiver ok basta deixar seu microfone no silencioso enquanto outra pessoa estiver falando lembre se de manter sua camera sempre aberta durante toda a conversa caso sua conexao falhe nao se desespere conecte se novamente estaremos
doc_a11e5233b2bda4e2,doc_a11e5233b2bda4e2_ch_0001,1,"Speaker 1 - 00:12
 
 Olá, tudo bem? Que bom ver você por aqui. Nós somos Akira, uma empresa dedicada a entender 
comportamentos, necessidades e desejos das pessoas. Assim, ajudamos diferentes marcas a melhorarem os 
produtos, serviços e experiências que oferecem aos seus consumidores. Por isso, você é a figura principal nesta 
pesquisa. Estamos animados pela nossa conversa e curiosos para saber o que você tem a nos contar sobre 
diferentes assuntos. Antes de começar, aproveite para pegar uma água e ir ao banheiro. Assim, você não precisa 
sair durante a conversa. Agora, para que você não tenha nenhuma preocupação durante o nosso bate-papo, 
escolha local confortável, com boa iluminação e sem barulhos externos que possam atrapalhar a sua atenção. 
Coloque seu aparelho em local estável e com boa conexão de internet. Também aproveite para verificar se sua 
câmera e seu áudio estão funcionando corretamente. 
 
 
 
 
Speaker 1 - 01:14
 
 Se tudo estiver ok, basta deixar seu microfone no silencioso enquanto outra pessoa estiver falando. Lembre-se de 
manter sua câmera sempre aberta durante toda a conversa. Caso sua conexão fale, não se desespere, conecte-se 
novamente. Estaremos",speaker 0 0 0 ola tudo bem que bom ver voce por aqui nos somos akira uma empresa dedicada a entender comportamentos necessidades e desejos das pessoas assim ajudamos diferentes marcas a melhorarem os produtos servicos e experiencias que oferecem aos seus consumidores por isso voce e a figura principal nesta pesquisa estamos animados pela nossa conversa e curiosos para saber o que voce tem a nos contar sobre diferentes assuntos antes de comecar aproveite para pegar uma agua e ir ao banheiro assim voce nao precisa sair durante a conversa agora para que voce nao tenha nenhuma preocupacao durante o nosso bate papo escolha local confortavel com boa iluminacao e sem barulhos externos que possam atrapalhar a sua atencao coloque seu aparelho em local estavel e com boa conexao de internet tambem aproveite para verificar se sua camera e seu audio estao funcionando corretamente speaker 0 0 0 se tudo estiver ok basta deixar seu microfone no silencioso enquanto outra pessoa estiver falando lembre se de manter sua camera sempre aberta durante toda a conversa caso sua conexao fale nao se desespere conecte se novamente estaremos
doc_813751e4679e395b,doc_813751e4679e395b_ch_0001,1,"Speaker 1 - 00:16
 
 Olá, tudo bem? Que bom ver você por aqui! Nós somos Akira, uma empresa dedicada a entender 
comportamentos, necessidades e desejos das pessoas. Assim, ajudamos diferentes marcas a melhorarem os 
produtos, serviços e experiências que oferecem aos seus consumidores. Por isso, você é a figura principal nesta 
pesquisa. Estamos animados pela nossa conversa e curiosos para saber o que você tem a nos contar sobre 
diferentes assuntos. Antes de começar, aproveite para pegar uma água e ir ao banheiro. Assim, você não precisa 
sair durante a conversa. Agora, para que você não tenha nenhuma preocupação durante o nosso bate-papo, 
escolha local confortável, com boa iluminação e sem barulhos externos que possam atrapalhar a sua atenção. 
Coloque seu aparelho em local estável e com boa conexão de internet. Também aproveite para verificar se sua 
câmera e seu áudio estão funcionando corretamente. 
 
 
 
 
Speaker 1 - 01:18
 
 Se tudo estiver ok, basta deixar seu microfone no silencioso enquanto outra pessoa estiver falando. Lembre-se de 
manter sua câmera sempre aberta durante toda a conversa. Caso sua conexão fale, não se desespere, conecte-se 
novamente. Estaremos",speaker 0 0 0 ola tudo bem que bom ver voce por aqui nos somos akira uma empresa dedicada a entender comportamentos necessidades e desejos das pessoas assim ajudamos diferentes marcas a melhorarem os produtos servicos e experiencias que oferecem aos seus consumidores por isso voce e a figura principal nesta pesquisa estamos animados pela nossa conversa e curiosos para saber o que voce tem a nos contar sobre diferentes assuntos antes de comecar aproveite para pegar uma agua e ir ao banheiro assim voce nao precisa sair durante a conversa agora para que voce nao tenha nenhuma preocupacao durante o nosso bate papo escolha local confortavel com boa iluminacao e sem barulhos externos que possam atrapalhar a sua atencao coloque seu aparelho em local estavel e com boa conexao de internet tambem aproveite para verificar se sua camera e seu audio estao funcionando corretamente speaker 0 0 0 se tudo estiver ok basta deixar seu microfone no silencioso enquanto outra pessoa estiver falando lembre se de manter sua camera sempre aberta durante toda a conversa caso sua conexao fale nao se desespere conecte se novamente estaremos
doc_d42528cd9f4f9278,doc_d42528cd9f4f9278_ch_0001,1,"Speaker 1 - 00:17
 
 Olá, tudo bem? Que bom ver você por aqui. Nós somos Akira, uma empresa dedicada a entender 
comportamentos, necessidades e desejos das pessoas. Assim, ajudamos diferentes marcas a melhorarem os 
produtos, serviços e experiências que oferecem aos seus consumidores. Por isso, você é a figura principal nesta 
pesquisa. Estamos animados pela nossa conversa e curiosos para saber o que você tem a nos contar sobre 
diferentes assuntos. Antes de começar, aproveite para pegar uma água e ir ao banheiro. Assim, você não precisa 
sair durante a conversa. Agora, para que você não tenha nenhuma preocupação durante o nosso bate-papo, 
escolha local confortável, com boa iluminação e sem barulhos externos que possam atrapalhar a sua atenção. 
Coloque seu aparelho em local estável e com boa conexão de internet. Também aproveite para verificar se sua 
câmera e seu áudio estão funcionando corretamente. 
 
 
 
 
Speaker 1 - 01:19
 
 Se tudo estiver ok, basta deixar seu microfone no silencioso enquanto outra pessoa estiver falando. Lembre-se de 
manter sua câmera sempre aberta durante toda a conversa. Caso sua conexão fale, não se desespere, conecte-se 
novamente. Estaremos",speaker 0 0 0 ola tudo bem que bom ver voce por aqui nos somos akira uma empresa dedicada a entender comportamentos necessidades e desejos das pessoas assim ajudamos diferentes marcas a melhorarem os produtos servicos e experiencias que oferecem aos seus consumidores por isso voce e a figura principal nesta pesquisa estamos animados pela nossa conversa e curiosos para saber o que voce tem a nos contar sobre diferentes assuntos antes de comecar aproveite para pegar uma agua e ir ao banheiro assim voce nao precisa sair durante a conversa agora para que voce nao tenha nenhuma preocupacao durante o nosso bate papo escolha local confortavel com boa iluminacao e sem barulhos externos que possam atrapalhar a sua atencao coloque seu aparelho em local estavel e com boa conexao de internet tambem aproveite para verificar se sua camera e seu audio estao funcionando corretamente speaker 0 0 0 se tudo estiver ok basta deixar seu microfone no silencioso enquanto outra pessoa estiver falando lembre se de manter sua camera sempre aberta durante toda a conversa caso sua conexao fale nao se desespere conecte se novamente estaremos
doc_6446f54127e74c2d,doc_6446f54127e74c2d_ch_0001,1,"Speaker 1 - 00:17
 
 Olá, tudo bem? Que bom ver você por aqui. Nós somos Akira, uma empresa dedicada a entender 
comportamentos, necessidades e desejos das pessoas. Assim, ajudamos diferentes marcas a melhorarem os 
produtos, serviços e experiências que oferecem aos seus consumidores. Por isso, você é a figura principal nesta 
pesquisa. Estamos animados pela nossa conversa e curiosos para saber o que você tem a nos contar sobre 
diferentes assuntos. Antes de começar, aproveite para pegar uma água e ir ao banheiro. Assim, você não precisa 
sair durante a conversa. Agora, para que você não tenha nenhuma preocupação durante o nosso bate-papo, 
escolha local confortável, com boa iluminação e sem barulhos externos que possam atrapalhar a sua atenção. 
Coloque seu aparelho em local estável e com boa conexão de internet. Também aproveite para verificar se sua 
câmera e seu áudio estão funcionando corretamente. 
 
 
 
 
Speaker 1 - 01:19
 
 Se tudo estiver ok, basta deixar seu microfone no silencioso enquanto outra pessoa estiver falando. Lembre-se de 
manter sua câmera sempre aberta durante toda a conversa. Caso sua conexão fale, não se desespere, conecte-se 
novamente. Estaremos",speaker 0 0 0 ola tudo bem que bom ver voce por aqui nos somos akira uma empresa dedicada a entender comportamentos necessidades e desejos das pessoas assim ajudamos diferentes marcas a melhorarem os produtos servicos e experiencias que oferecem aos seus consumidores por isso voce e a figura principal nesta pesquisa estamos animados pela nossa conversa e curiosos para saber o que voce tem a nos contar sobre diferentes assuntos antes de comecar aproveite para pegar uma agua e ir ao banheiro assim voce nao precisa sair durante a conversa agora para que voce nao tenha nenhuma preocupacao durante o nosso bate papo escolha local confortavel com boa iluminacao e sem barulhos externos que possam atrapalhar a sua atencao coloque seu aparelho em local estavel e com boa conexao de internet tambem aproveite para verificar se sua camera e seu audio estao funcionando corretamente speaker 0 0 0 se tudo estiver ok basta deixar seu microfone no silencioso enquanto outra pessoa estiver falando lembre se de manter sua camera sempre aberta durante toda a conversa caso sua conexao fale nao se desespere conecte se novamente estaremos
doc_40a5bd913d6434d3,doc_40a5bd913d6434d3_ch_0001,1,"Speaker 1 - 00:16
 
 Olá, tudo bem? Que bom ver você por aqui. Nós somos Akira, uma empresa dedicada a entender 
comportamentos, necessidades e desejos das pessoas. Assim, ajudamos diferentes marcas a melhorarem os 
produtos, serviços e experiências que oferecem aos seus consumidores. Por isso, você é a figura principal nesta 
pesquisa. Estamos animados pela nossa conversa e curiosos para saber o que você tem a nos contar sobre 
diferentes assuntos. Antes de começar, aproveite para pegar uma água e ir ao banheiro. Assim, você não precisa 
sair durante a conversa. Agora, para que você não tenha nenhuma preocupação durante o nosso bate-papo, 
escolha local confortável, com boa iluminação e sem barulhos externos que possam atrapalhar a sua atenção. 
Coloque seu aparelho em local estável e com boa conexão de internet. Também aproveite para verificar se sua 
câmera e seu áudio estão funcionando corretamente. 
 
 
 
 
Speaker 1 - 01:18
 
 Se tudo estiver ok, basta deixar seu microfone no silencioso enquanto outra pessoa estiver falando. Lembre-se de 
manter sua câmera sempre aberta durante toda a conversa. Caso sua conexão fale, não se desespere, conecte-se 
novamente. Estaremos",speaker 0 0 0 ola tudo bem que bom ver voce por aqui nos somos akira uma empresa dedicada a entender comportamentos necessidades e desejos das pessoas assim ajudamos diferentes marcas a melhorarem os produtos servicos e experiencias que oferecem aos seus consumidores por isso voce e a figura principal nesta pesquisa estamos animados pela nossa conversa e curiosos para saber o que voce tem a nos contar sobre diferentes assuntos antes de comecar aproveite para pegar uma agua e ir ao banheiro assim voce nao precisa sair durante a conversa agora para que voce nao tenha nenhuma preocupacao durante o nosso bate papo escolha local confortavel com boa iluminacao e sem barulhos externos que possam atrapalhar a sua atencao coloque seu aparelho em local estavel e com boa conexao de internet tambem aproveite para verificar se sua camera e seu audio estao funcionando corretamente speaker 0 0 0 se tudo estiver ok basta deixar seu microfone no silencioso enquanto outra pessoa estiver falando lembre se de manter sua camera sempre aberta durante toda a conversa caso sua conexao fale nao se desespere conecte se novamente estaremos
doc_e6f876a11a7cffdd,doc_e6f876a11a7cffdd_ch_0001,1,"Speaker 1 - 00:18
 
 Olá, tudo bem? Que bom ver você por aqui. Nós somos Akira, uma empresa dedicada a entender 
comportamentos, necessidades e desejos das pessoas. Assim, ajudamos diferentes marcas a melhorarem os 
produtos, serviços e experiências que oferecem aos seus consumidores. Por isso, você é a figura principal nesta 
pesquisa. Estamos animados pela nossa conversa e curiosos para saber o que você tem a nos contar sobre 
diferentes assuntos. Antes de começar, aproveite para pegar uma água e ir ao banheiro. Assim, você não precisa 
sair durante a conversa. Agora, para que você não tenha nenhuma preocupação durante o nosso bate-papo, 
escolha local confortável, com boa iluminação e sem barulhos externos que possam atrapalhar a sua atenção. 
Coloque seu aparelho em local estável e com boa conexão de internet. Também aproveite para verificar se sua 
câmera e seu áudio estão funcionando corretamente. 
 
 
 
 
Speaker 1 - 01:19
 
 Se tudo estiver ok, basta deixar seu microfone no silencioso enquanto outra pessoa estiver falando. Lembre-se de 
manter sua câmera sempre aberta durante toda a conversa. Caso sua conexão fale, não se desespere, conecte-se 
novamente. Estaremos",speaker 0 0 0 ola tudo bem que bom ver voce por aqui nos somos akira uma empresa dedicada a entender comportamentos necessidades e desejos das pessoas assim ajudamos diferentes marcas a melhorarem os produtos servicos e experiencias que oferecem aos seus consumidores por isso voce e a figura principal nesta pesquisa estamos animados pela nossa conversa e curiosos para saber o que voce tem a nos contar sobre diferentes assuntos antes de comecar aproveite para pegar uma agua e ir ao banheiro assim voce nao precisa sair durante a conversa agora para que voce nao tenha nenhuma preocupacao durante o nosso bate papo escolha local confortavel com boa iluminacao e sem barulhos externos que possam atrapalhar a sua atencao coloque seu aparelho em local estavel e com boa conexao de internet tambem aproveite para verificar se sua camera e seu audio estao funcionando corretamente speaker 0 0 0 se tudo estiver ok basta deixar seu microfone no silencioso enquanto outra pessoa estiver falando lembre se de manter sua camera sempre aberta durante toda a conversa caso sua conexao fale nao se desespere conecte se novamente estaremos
doc_fbdf5e17373e8de3,doc_fbdf5e17373e8de3_ch_0001,1,"Speaker 1 - 00:04
 
 Olá, tudo bem? 
 
 
 
 
 
Speaker 2 - 00:05
 
 Que bom ver você por aqui! Nós somos Akira, uma empresa dedicada a entender comportamentos, necessidades 
e desejos das pessoas. Assim, ajudamos diferentes marcas a melhorarem os produtos, serviços e experiências 
que oferecem aos seus consumidores. Por isso, você é a figura principal nesta pesquisa. Estamos animados pela 
nossa conversa e curiosos para saber o que você tem a nos contar sobre diferentes assuntos. Antes de começar, 
aproveite para pegar uma água e ir ao banheiro. Assim, você não precisa sair durante a conversa. Agora, para que 
você não tenha nenhuma preocupação durante o nosso bate-papo, escolha local confortável, com boa iluminação 
e sem barulhos externos que possam atrapalhar a sua atenção. Coloque seu aparelho em local estável e com boa 
conexão de internet. Também aproveite para verificar se sua câmera e seu áudio estão funcionando corretamente. 
 
 
 
 
 
Speaker 2 - 01:06
 
 Se tudo estiver ok, basta deixar seu microfone no silencioso enquanto outra pessoa estiver falando. Lembre-se de 
manter sua câmera sempre aberta durante toda a conversa. Caso sua conexão fale, não se desespere.",speaker 0 0 0 ola tudo bem speaker 0 0 0 que bom ver voce por aqui nos somos akira uma empresa dedicada a entender comportamentos necessidades e desejos das pessoas assim ajudamos diferentes marcas a melhorarem os produtos servicos e experiencias que oferecem aos seus consumidores por isso voce e a figura principal nesta pesquisa estamos animados pela nossa conversa e curiosos para saber o que voce tem a nos contar sobre diferentes assuntos antes de comecar aproveite para pegar uma agua e ir ao banheiro assim voce nao precisa sair durante a conversa agora para que voce nao tenha nenhuma preocupacao durante o nosso bate papo escolha local confortavel com boa iluminacao e sem barulhos externos que possam atrapalhar a sua atencao coloque seu aparelho em local estavel e com boa conexao de internet tambem aproveite para verificar se sua camera e seu audio estao funcionando corretamente speaker 0 0 0 se tudo estiver ok basta deixar seu microfone no silencioso enquanto outra pessoa estiver falando lembre se de manter sua camera sempre aberta durante toda a conversa caso sua conexao fale nao se desespere
doc_fbdf5e17373e8de3,doc_fbdf5e17373e8de3_ch_0002,2,"nquanto outra pessoa estiver falando. Lembre-se de 
manter sua câmera sempre aberta durante toda a conversa. Caso sua conexão fale, não se desespere. Conecte-se 
novamente. Estaremos esperando por você. Se não conseguir voltar, fique tranquilo. Estaremos em contato para 
te ajudar. Agora, se a pessoa da nossa equipe que está conduzindo a conversa tiver a sua imagem interrompida, 
aguarde que logo retomaremos. Tudo que for discutido e mostrado aqui é sigiloso. Por isso, pedimos que não 
grave nem tire prints ou fotos da tela durante o bate-papo. Agora, falta muito pouco para começar. Não se 
esqueça que estamos aqui para te ouvir, então não deixe de expressar suas opiniões verdadeiras e nem tenha 
receio de dizer o que pensa. Aqui não há certo ou errado. Por isso, aproveite e participe. Não espere ser chamado 
para falar. 
 
 
 
 
 
Speaker 2 - 02:06
 
 Sentiu vontade de dizer algo? Basta acionar o microfone e falar sem interromper outra pessoa. Prontinho, nosso 
bate-papo já vai começar. 
 
 
 
 
 
Speaker 3 - 02:23
 
 Bom, Rafaela, eu sou a [NOME], que vou conversar com você. Obrigada por ter topado fazer a pesquisa mais uma 
vez. Esse vídeo já conta tudo. Ele fala de grupo,",nquanto outra pessoa estiver falando lembre se de manter sua camera sempre aberta durante toda a conversa caso sua conexao fale nao se desespere conecte se novamente estaremos esperando por voce se nao conseguir voltar fique tranquilo estaremos em contato para te ajudar agora se a pessoa da nossa equipe que esta conduzindo a conversa tiver a sua imagem interrompida aguarde que logo retomaremos tudo que for discutido e mostrado aqui e sigiloso por isso pedimos que nao grave nem tire prints ou fotos da tela durante o bate papo agora falta muito pouco para comecar nao se esqueca que estamos aqui para te ouvir entao nao deixe de expressar suas opinioes verdadeiras e nem tenha receio de dizer o que pensa aqui nao ha certo ou errado por isso aproveite e participe nao espere ser chamado para falar speaker 0 0 0 sentiu vontade de dizer algo basta acionar o microfone e falar sem interromper outra pessoa prontinho nosso bate papo ja vai comecar speaker 0 0 0 bom rafaela eu sou a nome que vou conversar com voce obrigada por ter topado fazer a pesquisa mais uma vez esse video ja conta tudo ele fala de grupo
doc_fbdf5e17373e8de3,doc_fbdf5e17373e8de3_ch_0003,3,"la, eu sou a [NOME], que vou conversar com você. Obrigada por ter topado fazer a pesquisa mais uma 
vez. Esse vídeo já conta tudo. Ele fala de grupo, porque às vezes faz grupo, mas aqui é bate-papo entre eu e você, 
Meeting Title: EP10_Compras 
Digitais_0111_10h30.m4a
Meeting created at: 11th Mar, 2026 - 4:43 PM
1 / 52
tá? Então, que não vão ter outras pessoas participando. Só lembrando algumas coisas, eu sou [NOME] de Mercado, então não tenho envolvimento direto com o assunto, e isso é super importante para você 
estar à vontade para dar a sua opinião, para dizer o que você acha, o que você pensa, como você faz, ou seja, 
como eu não tenho envolvimento, eu não vou ficar nem alegre, nem triste, e vou estar super aberta para ouvir tudo 
o que você tem para dizer, tá? 
 
 
 
 
Speaker 1 - 03:04
 
 Tá bom. 
 
 
 
 
 
Speaker 3 - 03:05
 
 E relembrando que a gente grava porque eu preciso depois de tudo que a gente conversou para trabalhar em cima 
dos resultados, mas é sigiloso, jamais vou citar o seu nome ou de qualquer outra pessoa que a gente também 
esteja entrevistando, tá bom? 
 
 
 
 
Speaker 1 - 03:19
 
 Tá bom. 
 
 
 
 
 
Speaker 3 - 03:20
 
 Queria começar, Rafaela, com você",la eu sou a nome que vou conversar com voce obrigada por ter topado fazer a pesquisa mais uma vez esse video ja conta tudo ele fala de grupo porque as vezes faz grupo mas aqui e bate papo entre eu e voce meeting title ep0 compras digitais 0 0h0 m0a meeting created at 0th mar 0 0 0 pm 0 0 ta entao que nao vao ter outras pessoas participando so lembrando algumas coisas eu sou nome de mercado entao nao tenho envolvimento direto com o assunto e isso e super importante para voce estar a vontade para dar a sua opiniao para dizer o que voce acha o que voce pensa como voce faz ou seja como eu nao tenho envolvimento eu nao vou ficar nem alegre nem triste e vou estar super aberta para ouvir tudo o que voce tem para dizer ta speaker 0 0 0 ta bom speaker 0 0 0 e relembrando que a gente grava porque eu preciso depois de tudo que a gente conversou para trabalhar em cima dos resultados mas e sigiloso jamais vou citar o seu nome ou de qualquer outra pessoa que a gente tambem esteja entrevistando ta bom speaker 0 0 0 ta bom speaker 0 0 0 queria comecar rafaela com voce
doc_d16712b5a3350889,doc_d16712b5a3350889_ch_0001,1,"Speaker 1 - 00:09
 
 Olá, tudo bem? Que bom ver você por aqui. Nós somos Akira, uma empresa dedicada a entender 
comportamentos, necessidades e desejos das pessoas. Assim, ajudamos diferentes marcas a melhorarem os 
produtos, serviços e experiências que oferecem aos seus consumidores. Por isso, você é a figura principal nesta 
pesquisa. Estamos animados pela nossa conversa e curiosos para saber o que você tem a nos contar sobre 
diferentes assuntos. Antes de começar, aproveite para pegar uma água e ir ao banheiro. Assim, você não precisa 
sair durante a conversa. Agora, para que você não tenha nenhuma preocupação durante o nosso bate-papo, 
escolha local confortável, com boa iluminação e sem barulhos externos que possam atrapalhar a sua atenção. 
Coloque seu aparelho em local estável e com boa conexão de internet. Também aproveite para verificar se sua 
câmera e seu áudio estão funcionando corretamente. 
 
 
 
 
Speaker 1 - 01:11
 
 Se tudo estiver ok, basta deixar seu microfone no silencioso enquanto outra pessoa estiver falando. Lembre-se de 
manter sua câmera sempre aberta durante toda a conversa. Caso sua conexão fale, não se desespere, conecte-se 
novamente. Estaremos",speaker 0 0 0 ola tudo bem que bom ver voce por aqui nos somos akira uma empresa dedicada a entender comportamentos necessidades e desejos das pessoas assim ajudamos diferentes marcas a melhorarem os produtos servicos e experiencias que oferecem aos seus consumidores por isso voce e a figura principal nesta pesquisa estamos animados pela nossa conversa e curiosos para saber o que voce tem a nos contar sobre diferentes assuntos antes de comecar aproveite para pegar uma agua e ir ao banheiro assim voce nao precisa sair durante a conversa agora para que voce nao tenha nenhuma preocupacao durante o nosso bate papo escolha local confortavel com boa iluminacao e sem barulhos externos que possam atrapalhar a sua atencao coloque seu aparelho em local estavel e com boa conexao de internet tambem aproveite para verificar se sua camera e seu audio estao funcionando corretamente speaker 0 0 0 se tudo estiver ok basta deixar seu microfone no silencioso enquanto outra pessoa estiver falando lembre se de manter sua camera sempre aberta durante toda a conversa caso sua conexao fale nao se desespere conecte se novamente estaremos
doc_02c37e00145d9a32,doc_02c37e00145d9a32_ch_0001,1,"Speaker 1 - 02:12
 
 Olá, tudo bem? Que bom ver você por aqui. Nós somos Akira, uma empresa dedicada a entender 
comportamentos, necessidades e desejos das pessoas. Assim, ajudamos diferentes marcas a melhorarem os 
produtos, serviços e experiências que oferecem aos seus consumidores. Por isso, você é a figura principal nesta 
pesquisa. Estamos animados pela nossa conversa e curiosos para saber o que você tem a nos contar sobre 
diferentes assuntos. Antes de começar, aproveite para pegar uma água e ir ao banheiro. Assim, você não precisa 
sair durante a conversa. Agora, para que você não tenha nenhuma preocupação durante o nosso bate-papo, 
escolha local confortável, com boa iluminação e sem barulhos externos que possam atrapalhar a sua atenção. 
Coloque seu aparelho em local estável e com boa conexão de internet. Também aproveite para verificar se sua 
câmera e seu áudio estão funcionando corretamente. 
 
 
 
 
Speaker 1 - 03:12
 
 Se tudo estiver ok, basta deixar seu microfone no silencioso enquanto outra pessoa estiver falando. Lembre-se de 
manter sua câmera sempre aberta durante toda a conversa. Caso sua conexão fale, não se desespere, conecte-se 
novamente. Estaremos",speaker 0 0 0 ola tudo bem que bom ver voce por aqui nos somos akira uma empresa dedicada a entender comportamentos necessidades e desejos das pessoas assim ajudamos diferentes marcas a melhorarem os produtos servicos e experiencias que oferecem aos seus consumidores por isso voce e a figura principal nesta pesquisa estamos animados pela nossa conversa e curiosos para saber o que voce tem a nos contar sobre diferentes assuntos antes de comecar aproveite para pegar uma agua e ir ao banheiro assim voce nao precisa sair durante a conversa agora para que voce nao tenha nenhuma preocupacao durante o nosso bate papo escolha local confortavel com boa iluminacao e sem barulhos externos que possam atrapalhar a sua atencao coloque seu aparelho em local estavel e com boa conexao de internet tambem aproveite para verificar se sua camera e seu audio estao funcionando corretamente speaker 0 0 0 se tudo estiver ok basta deixar seu microfone no silencioso enquanto outra pessoa estiver falando lembre se de manter sua camera sempre aberta durante toda a conversa caso sua conexao fale nao se desespere conecte se novamente estaremos
doc_80a271097010f616,doc_80a271097010f616_ch_0001,1,"Speaker 1 - 00:01
 
 Olá, tudo bem? 
 
 
 
 
 
Speaker 2 - 00:02
 
 Que bom ver você por aqui. Nós somos Akira, uma empresa dedicada a entender comportamentos, necessidades 
e desejos das pessoas. Assim, ajudamos diferentes marcas a melhorarem os produtos, serviços e experiências 
que oferecem aos seus consumidores. Por isso, você é a figura principal nesta pesquisa. Estamos animados pela 
nossa conversa e curiosos para saber o que você tem a nos contar sobre diferentes assuntos. Antes de começar, 
aproveite para pegar uma água e ir ao banheiro. Assim, você não precisa sair durante a conversa. Agora, para que 
você não tenha nenhuma preocupação durante o nosso bate-papo, escolha local confortável, com boa iluminação 
e sem barulhos externos que possam atrapalhar a sua atenção. Coloque seu aparelho em local estável e com boa 
conexão de internet. Também aproveite para verificar se sua câmera e seu áudio estão funcionando corretamente. 
 
 
 
 
 
Speaker 2 - 01:02
 
 Se tudo estiver ok, basta deixar seu microfone no silencioso enquanto outra pessoa estiver falando. Lembre-se de 
manter sua câmera sempre aberta durante toda a conversa. Caso sua conexão fale, não se desespere,",speaker 0 0 0 ola tudo bem speaker 0 0 0 que bom ver voce por aqui nos somos akira uma empresa dedicada a entender comportamentos necessidades e desejos das pessoas assim ajudamos diferentes marcas a melhorarem os produtos servicos e experiencias que oferecem aos seus consumidores por isso voce e a figura principal nesta pesquisa estamos animados pela nossa conversa e curiosos para saber o que voce tem a nos contar sobre diferentes assuntos antes de comecar aproveite para pegar uma agua e ir ao banheiro assim voce nao precisa sair durante a conversa agora para que voce nao tenha nenhuma preocupacao durante o nosso bate papo escolha local confortavel com boa iluminacao e sem barulhos externos que possam atrapalhar a sua atencao coloque seu aparelho em local estavel e com boa conexao de internet tambem aproveite para verificar se sua camera e seu audio estao funcionando corretamente speaker 0 0 0 se tudo estiver ok basta deixar seu microfone no silencioso enquanto outra pessoa estiver falando lembre se de manter sua camera sempre aberta durante toda a conversa caso sua conexao fale nao se desespere
doc_76c629289d2e414c,doc_76c629289d2e414c_ch_0001,1,"Speaker 1 - 00:04
 
 Olá, tudo bem? Que bom ver você por aqui. Nós somos Akira, uma empresa dedicada a entender 
comportamentos, necessidades e desejos das pessoas. Assim, ajudamos diferentes marcas a melhorarem os 
produtos, serviços e experiências que oferecem aos seus consumidores. Por isso, você é a figura principal nesta 
pesquisa. Estamos animados pela nossa conversa e curiosos para saber o que você tem a nos contar sobre 
diferentes assuntos. Antes de começar, aproveite para pegar uma água e ir ao banheiro. Assim, você não precisa 
sair durante a conversa. Agora, para que você não tenha nenhuma preocupação durante o nosso bate-papo, 
escolha local confortável, com boa iluminação e sem barulhos externos que possam atrapalhar a sua atenção. 
Coloque seu aparelho em local estável e com boa conexão de internet. Também aproveite para verificar se sua 
câmera e seu áudio estão funcionando corretamente. 
 
 
 
 
Speaker 1 - 01:06
 
 Se tudo estiver ok, basta deixar seu microfone no silencioso enquanto outra pessoa estiver falando. Lembre-se de 
manter sua câmera sempre aberta durante toda a conversa. Caso sua conexão fale, não se desespere, conecte-se 
novamente. Estaremos",speaker 0 0 0 ola tudo bem que bom ver voce por aqui nos somos akira uma empresa dedicada a entender comportamentos necessidades e desejos das pessoas assim ajudamos diferentes marcas a melhorarem os produtos servicos e experiencias que oferecem aos seus consumidores por isso voce e a figura principal nesta pesquisa estamos animados pela nossa conversa e curiosos para saber o que voce tem a nos contar sobre diferentes assuntos antes de comecar aproveite para pegar uma agua e ir ao banheiro assim voce nao precisa sair durante a conversa agora para que voce nao tenha nenhuma preocupacao durante o nosso bate papo escolha local confortavel com boa iluminacao e sem barulhos externos que possam atrapalhar a sua atencao coloque seu aparelho em local estavel e com boa conexao de internet tambem aproveite para verificar se sua camera e seu audio estao funcionando corretamente speaker 0 0 0 se tudo estiver ok basta deixar seu microfone no silencioso enquanto outra pessoa estiver falando lembre se de manter sua camera sempre aberta durante toda a conversa caso sua conexao fale nao se desespere conecte se novamente estaremos
doc_732280b483c61985,doc_732280b483c61985_ch_0001,1,"Speaker 1 - 00:05
 
 Olá, tudo bem? Que bom ver você por aqui. Nós somos Akira, uma empresa dedicada a entender 
comportamentos, necessidades e desejos das pessoas. Assim, ajudamos diferentes marcas a melhorarem os 
produtos, serviços e experiências que oferecem aos seus consumidores. Por isso, você é a figura principal nesta 
pesquisa. Estamos animados pela nossa conversa e curiosos para saber o que você tem a nos contar sobre 
diferentes assuntos. Antes de começar, aproveite para pegar uma água e ir ao banheiro. Assim, você não precisa 
sair durante a conversa. Agora, para que você não tenha nenhuma preocupação durante o nosso bate-papo, 
escolha local confortável, com boa iluminação e sem barulhos externos que possam atrapalhar a sua atenção. 
Coloque seu aparelho em local estável e com boa conexão de internet. Também aproveite para verificar se sua 
câmera e seu áudio estão funcionando corretamente. 
 
 
 
 
Speaker 1 - 01:07
 
 Se tudo estiver ok, basta deixar seu microfone no silencioso enquanto outra pessoa estiver falando. Lembre-se de 
manter sua câmera sempre aberta durante toda a conversa. Caso sua conexão fale, não se desespere. Conecte-se 
novamente. Estaremos",speaker 0 0 0 ola tudo bem que bom ver voce por aqui nos somos akira uma empresa dedicada a entender comportamentos necessidades e desejos das pessoas assim ajudamos diferentes marcas a melhorarem os produtos servicos e experiencias que oferecem aos seus consumidores por isso voce e a figura principal nesta pesquisa estamos animados pela nossa conversa e curiosos para saber o que voce tem a nos contar sobre diferentes assuntos antes de comecar aproveite para pegar uma agua e ir ao banheiro assim voce nao precisa sair durante a conversa agora para que voce nao tenha nenhuma preocupacao durante o nosso bate papo escolha local confortavel com boa iluminacao e sem barulhos externos que possam atrapalhar a sua atencao coloque seu aparelho em local estavel e com boa conexao de internet tambem aproveite para verificar se sua camera e seu audio estao funcionando corretamente speaker 0 0 0 se tudo estiver ok basta deixar seu microfone no silencioso enquanto outra pessoa estiver falando lembre se de manter sua camera sempre aberta durante toda a conversa caso sua conexao fale nao se desespere conecte se novamente estaremos
doc_96b165a2a6f7a32d,doc_96b165a2a6f7a32d_ch_0001,1,"Speaker 1 - 00:05
 
 Olá, tudo bem? Que bom ver você por aqui. Nós somos Akira, uma empresa dedicada a entender 
comportamentos, necessidades e desejos das pessoas. Assim, ajudamos diferentes marcas a melhorarem os 
produtos, serviços e experiências que oferecem aos seus consumidores. Por isso, você é a figura principal nesta 
pesquisa. Estamos animados pela nossa conversa e curiosos para saber o que você tem a nos contar sobre 
diferentes assuntos. Antes de começar, aproveite para pegar uma água e ir ao banheiro. Assim, você não precisa 
sair durante a conversa. Agora, para que você não tenha nenhuma preocupação durante o nosso bate-papo, 
escolha local confortável, com boa iluminação e sem barulhos externos que possam atrapalhar a sua atenção. 
Coloque seu aparelho em local estável e com boa conexão de internet. Também aproveite para verificar se sua 
câmera e seu áudio estão funcionando corretamente. 
 
 
 
 
Speaker 1 - 01:07
 
 Se tudo estiver ok, basta deixar seu microfone no silencioso enquanto outra pessoa estiver falando. Lembre-se de 
manter sua câmera sempre aberta durante toda a conversa. Caso sua conexão fale, não se desespere, conecte-se 
novamente. Estaremos",speaker 0 0 0 ola tudo bem que bom ver voce por aqui nos somos akira uma empresa dedicada a entender comportamentos necessidades e desejos das pessoas assim ajudamos diferentes marcas a melhorarem os produtos servicos e experiencias que oferecem aos seus consumidores por isso voce e a figura principal nesta pesquisa estamos animados pela nossa conversa e curiosos para saber o que voce tem a nos contar sobre diferentes assuntos antes de comecar aproveite para pegar uma agua e ir ao banheiro assim voce nao precisa sair durante a conversa agora para que voce nao tenha nenhuma preocupacao durante o nosso bate papo escolha local confortavel com boa iluminacao e sem barulhos externos que possam atrapalhar a sua atencao coloque seu aparelho em local estavel e com boa conexao de internet tambem aproveite para verificar se sua camera e seu audio estao funcionando corretamente speaker 0 0 0 se tudo estiver ok basta deixar seu microfone no silencioso enquanto outra pessoa estiver falando lembre se de manter sua camera sempre aberta durante toda a conversa caso sua conexao fale nao se desespere conecte se novamente estaremos
doc_cc7b48f0bda6f359,doc_cc7b48f0bda6f359_ch_0001,1,"Speaker 1 - 00:03
 
 Olá, tudo bem? Que bom ver você por aqui. Nós somos Akira, uma empresa dedicada a entender 
comportamentos, necessidades e desejos das pessoas. Assim, ajudamos diferentes marcas a melhorarem os 
produtos, serviços e experiências que oferecem aos seus consumidores. Por isso, você é a figura principal nesta 
pesquisa. Estamos animados pela nossa conversa e curiosos para saber o que você tem a nos contar sobre 
diferentes assuntos. Antes de começar, aproveite para pegar uma água e ir ao banheiro. Assim, você não precisa 
sair durante a conversa. Agora, para que você não tenha nenhuma preocupação durante o nosso bate-papo, 
escolha local confortável, com boa iluminação e sem barulhos externos que possam atrapalhar a sua atenção. 
Coloque seu aparelho em local estável e com boa conexão de internet. Também aproveite para verificar se sua 
câmera e seu áudio estão funcionando corretamente. 
 
 
 
 
Speaker 1 - 01:07
 
 Se tudo estiver ok, basta deixar seu microfone no silencioso enquanto outra pessoa estiver falando. Lembre-se de 
manter sua câmera sempre aberta durante toda a conversa. Caso sua conexão falhe, não se desespere, conecte-
se novamente. Estaremos",speaker 0 0 0 ola tudo bem que bom ver voce por aqui nos somos akira uma empresa dedicada a entender comportamentos necessidades e desejos das pessoas assim ajudamos diferentes marcas a melhorarem os produtos servicos e experiencias que oferecem aos seus consumidores por isso voce e a figura principal nesta pesquisa estamos animados pela nossa conversa e curiosos para saber o que voce tem a nos contar sobre diferentes assuntos antes de comecar aproveite para pegar uma agua e ir ao banheiro assim voce nao precisa sair durante a conversa agora para que voce nao tenha nenhuma preocupacao durante o nosso bate papo escolha local confortavel com boa iluminacao e sem barulhos externos que possam atrapalhar a sua atencao coloque seu aparelho em local estavel e com boa conexao de internet tambem aproveite para verificar se sua camera e seu audio estao funcionando corretamente speaker 0 0 0 se tudo estiver ok basta deixar seu microfone no silencioso enquanto outra pessoa estiver falando lembre se de manter sua camera sempre aberta durante toda a conversa caso sua conexao falhe nao se desespere conecte se novamente estaremos
doc_9852515aa99fe494,doc_9852515aa99fe494_ch_0001,1,"Speaker 1 - 00:04
 
 Olá, tudo bem? Que bom ver você por aqui. Nós somos Akira, uma empresa dedicada a entender 
comportamentos, necessidades e desejos das pessoas. Assim, ajudamos diferentes marcas a melhorarem os 
produtos, serviços e experiências que oferecem aos seus consumidores. Por isso, você é a figura principal nesta 
pesquisa. Estamos animados pela nossa conversa e curiosos para saber o que você tem a nos contar sobre 
diferentes assuntos. Antes de começar, aproveite para pegar uma água e ir ao banheiro. Assim, você não precisa 
sair durante a conversa. Agora, para que você não tenha nenhuma preocupação durante o nosso bate-papo, 
escolha local confortável, com boa iluminação e sem barulhos externos que possam atrapalhar a sua atenção. 
Coloque seu aparelho em local estável e com boa conexão de internet. Também aproveite para verificar se sua 
câmera e seu áudio estão funcionando corretamente. 
 
 
 
 
Speaker 1 - 01:05
 
 Se tudo estiver ok, basta deixar seu microfone no silencioso enquanto outra pessoa estiver falando. Lembre-se de 
manter sua câmera sempre aberta durante toda a conversa. Caso sua conexão fale, não se desespere, conecte-se 
novamente. Estaremos",speaker 0 0 0 ola tudo bem que bom ver voce por aqui nos somos akira uma empresa dedicada a entender comportamentos necessidades e desejos das pessoas assim ajudamos diferentes marcas a melhorarem os produtos servicos e experiencias que oferecem aos seus consumidores por isso voce e a figura principal nesta pesquisa estamos animados pela nossa conversa e curiosos para saber o que voce tem a nos contar sobre diferentes assuntos antes de comecar aproveite para pegar uma agua e ir ao banheiro assim voce nao precisa sair durante a conversa agora para que voce nao tenha nenhuma preocupacao durante o nosso bate papo escolha local confortavel com boa iluminacao e sem barulhos externos que possam atrapalhar a sua atencao coloque seu aparelho em local estavel e com boa conexao de internet tambem aproveite para verificar se sua camera e seu audio estao funcionando corretamente speaker 0 0 0 se tudo estiver ok basta deixar seu microfone no silencioso enquanto outra pessoa estiver falando lembre se de manter sua camera sempre aberta durante toda a conversa caso sua conexao fale nao se desespere conecte se novamente estaremos
doc_6e02133bb486de22,doc_6e02133bb486de22_ch_0001,1,"Speaker 1 - 00:04
 
 Olá, tudo bem? Que bom ver você por aqui. Nós somos Akira, uma empresa dedicada a entender 
comportamentos, necessidades e desejos das pessoas. Assim, ajudamos diferentes marcas a melhorarem os 
produtos, serviços e experiências que oferecem aos seus consumidores. Por isso, você é a figura principal nesta 
pesquisa. Estamos animados pela nossa conversa e curiosos para saber o que você tem a nos contar sobre 
diferentes assuntos. Antes de começar, aproveite para pegar uma água e ir ao banheiro. Assim, você não precisa 
sair durante a conversa. Agora, para que você não tenha nenhuma preocupação durante o nosso bate-papo, 
escolha local confortável, com boa iluminação e sem barulhos externos que possam atrapalhar a sua atenção. 
Coloque seu aparelho em local estável e com boa conexão de internet. Também aproveite para verificar se sua 
câmera e seu áudio estão funcionando corretamente. 
 
 
 
 
Speaker 1 - 01:05
 
 Se tudo estiver ok, basta deixar seu microfone no silencioso enquanto outra pessoa estiver falando. Lembre-se de 
manter sua câmera sempre aberta durante toda a conversa. Caso sua conexão falhe, não se desespere. Conecte-
se novamente. Estaremos",speaker 0 0 0 ola tudo bem que bom ver voce por aqui nos somos akira uma empresa dedicada a entender comportamentos necessidades e desejos das pessoas assim ajudamos diferentes marcas a melhorarem os produtos servicos e experiencias que oferecem aos seus consumidores por isso voce e a figura principal nesta pesquisa estamos animados pela nossa conversa e curiosos para saber o que voce tem a nos contar sobre diferentes assuntos antes de comecar aproveite para pegar uma agua e ir ao banheiro assim voce nao precisa sair durante a conversa agora para que voce nao tenha nenhuma preocupacao durante o nosso bate papo escolha local confortavel com boa iluminacao e sem barulhos externos que possam atrapalhar a sua atencao coloque seu aparelho em local estavel e com boa conexao de internet tambem aproveite para verificar se sua camera e seu audio estao funcionando corretamente speaker 0 0 0 se tudo estiver ok basta deixar seu microfone no silencioso enquanto outra pessoa estiver falando lembre se de manter sua camera sempre aberta durante toda a conversa caso sua conexao falhe nao se desespere conecte se novamente estaremos
doc_c9defe6cce5ff1fd,doc_c9defe6cce5ff1fd_ch_0001,1,"Speaker 1 - 00:05
 
 Olá, tudo bem? Que bom ver você por aqui! Nós somos Akira, uma empresa dedicada a entender 
comportamentos, necessidades e desejos das pessoas. Assim, ajudamos diferentes marcas a melhorarem os 
produtos, serviços e experiências que oferecem aos seus consumidores. Por isso, você é a figura principal nesta 
pesquisa. Estamos animados pela nossa conversa e curiosos para saber o que você tem a nos contar sobre 
diferentes assuntos. Antes de começar, aproveite para pegar uma água e ir ao banheiro. Assim, você não precisa 
sair durante a conversa. Agora, para que você não tenha nenhuma preocupação durante o nosso bate-papo, 
escolha local confortável, com boa iluminação e sem barulhos externos que possam atrapalhar a sua atenção. 
Coloque seu aparelho em local estável e com boa conexão de internet. Também aproveite para verificar se sua 
câmera e seu áudio estão funcionando corretamente. 
 
 
 
 
Speaker 1 - 01:06
 
 Se tudo estiver ok, basta deixar seu microfone no silencioso enquanto outra pessoa estiver falando. Lembre-se de 
manter sua câmera sempre aberta durante toda a conversa. Caso sua conexão falhe, não se desespere, conecte-
se novamente. Estaremos",speaker 0 0 0 ola tudo bem que bom ver voce por aqui nos somos akira uma empresa dedicada a entender comportamentos necessidades e desejos das pessoas assim ajudamos diferentes marcas a melhorarem os produtos servicos e experiencias que oferecem aos seus consumidores por isso voce e a figura principal nesta pesquisa estamos animados pela nossa conversa e curiosos para saber o que voce tem a nos contar sobre diferentes assuntos antes de comecar aproveite para pegar uma agua e ir ao banheiro assim voce nao precisa sair durante a conversa agora para que voce nao tenha nenhuma preocupacao durante o nosso bate papo escolha local confortavel com boa iluminacao e sem barulhos externos que possam atrapalhar a sua atencao coloque seu aparelho em local estavel e com boa conexao de internet tambem aproveite para verificar se sua camera e seu audio estao funcionando corretamente speaker 0 0 0 se tudo estiver ok basta deixar seu microfone no silencioso enquanto outra pessoa estiver falando lembre se de manter sua camera sempre aberta durante toda a conversa caso sua conexao falhe nao se desespere conecte se novamente estaremos
doc_eb6a4496f5f5d136,doc_eb6a4496f5f5d136_ch_0001,1,"Speaker 1 - 00:04
 
 Olá, tudo bem? Que bom ver você por aqui. Nós somos Akira, uma empresa dedicada a entender 
comportamentos, necessidades e desejos das pessoas. Assim, ajudamos diferentes marcas a melhorarem os 
produtos, serviços e experiências que oferecem aos seus consumidores. Por isso, você é a figura principal nesta 
pesquisa. Estamos animados pela nossa conversa e curiosos para saber o que você tem a nos contar sobre 
diferentes assuntos. Antes de começar, aproveite para pegar uma água e ir ao banheiro. Assim, você não precisa 
sair durante a conversa. Agora, para que você não tenha nenhuma preocupação durante o nosso bate-papo, 
escolha local confortável, com boa iluminação e sem barulhos externos que possam atrapalhar a sua atenção. 
Coloque seu aparelho em local estável e com boa conexão de internet. Também aproveite para verificar se sua 
câmera e seu áudio estão funcionando corretamente. 
 
 
 
 
Speaker 1 - 01:06
 
 Se tudo estiver ok, basta deixar seu microfone no silencioso enquanto outra pessoa estiver falando. Lembre-se de 
manter sua câmera sempre aberta durante toda a conversa. Caso sua conexão fale, não se desespere, conecte-se 
novamente. Estaremos",speaker 0 0 0 ola tudo bem que bom ver voce por aqui nos somos akira uma empresa dedicada a entender comportamentos necessidades e desejos das pessoas assim ajudamos diferentes marcas a melhorarem os produtos servicos e experiencias que oferecem aos seus consumidores por isso voce e a figura principal nesta pesquisa estamos animados pela nossa conversa e curiosos para saber o que voce tem a nos contar sobre diferentes assuntos antes de comecar aproveite para pegar uma agua e ir ao banheiro assim voce nao precisa sair durante a conversa agora para que voce nao tenha nenhuma preocupacao durante o nosso bate papo escolha local confortavel com boa iluminacao e sem barulhos externos que possam atrapalhar a sua atencao coloque seu aparelho em local estavel e com boa conexao de internet tambem aproveite para verificar se sua camera e seu audio estao funcionando corretamente speaker 0 0 0 se tudo estiver ok basta deixar seu microfone no silencioso enquanto outra pessoa estiver falando lembre se de manter sua camera sempre aberta durante toda a conversa caso sua conexao fale nao se desespere conecte se novamente estaremos
doc_5e45678d66a9df7e,doc_5e45678d66a9df7e_ch_0001,1,"Speaker 1 - 00:04
 
 Olá, tudo bem? Que bom ver você por aqui. Nós somos Akira, uma empresa dedicada a entender 
comportamentos, necessidades e desejos das pessoas. Assim, ajudamos diferentes marcas a melhorarem os 
produtos, serviços e experiências que oferecem aos seus consumidores. Por isso, você é a figura principal nesta 
pesquisa. Estamos animados pela nossa conversa e curiosos para saber o que você tem a nos contar sobre 
diferentes assuntos. Antes de começar, aproveite para pegar uma água e ir ao banheiro. Assim, você não precisa 
sair durante a conversa. Agora, para que você não tenha nenhuma preocupação durante o nosso bate-papo, 
escolha local confortável, com boa iluminação e sem barulhos externos que possam atrapalhar a sua atenção. 
Coloque seu aparelho em local estável e com boa conexão de internet. Também aproveite para verificar se sua 
câmera e seu áudio estão funcionando corretamente. 
 
 
 
 
Speaker 1 - 01:06
 
 Se tudo estiver ok, basta deixar seu microfone no silencioso enquanto outra pessoa estiver falando. Lembre-se de 
manter sua câmera sempre aberta durante toda a conversa. Caso sua conexão fale, não se desespere, conecte-se 
novamente. Estaremos",speaker 0 0 0 ola tudo bem que bom ver voce por aqui nos somos akira uma empresa dedicada a entender comportamentos necessidades e desejos das pessoas assim ajudamos diferentes marcas a melhorarem os produtos servicos e experiencias que oferecem aos seus consumidores por isso voce e a figura principal nesta pesquisa estamos animados pela nossa conversa e curiosos para saber o que voce tem a nos contar sobre diferentes assuntos antes de comecar aproveite para pegar uma agua e ir ao banheiro assim voce nao precisa sair durante a conversa agora para que voce nao tenha nenhuma preocupacao durante o nosso bate papo escolha local confortavel com boa iluminacao e sem barulhos externos que possam atrapalhar a sua atencao coloque seu aparelho em local estavel e com boa conexao de internet tambem aproveite para verificar se sua camera e seu audio estao funcionando corretamente speaker 0 0 0 se tudo estiver ok basta deixar seu microfone no silencioso enquanto outra pessoa estiver falando lembre se de manter sua camera sempre aberta durante toda a conversa caso sua conexao fale nao se desespere conecte se novamente estaremos
doc_9a5944b3d38727a2,doc_9a5944b3d38727a2_ch_0001,1,"Speaker 1 - 00:04
 
 Olá, tudo bem? 
 
 
 
 
 
Speaker 2 - 00:05
 
 Que bom ver você por aqui! Nós somos Akira, uma empresa dedicada a entender comportamentos, necessidades 
e desejos das pessoas. Assim, ajudamos diferentes marcas a melhorarem os produtos, serviços e experiências 
que oferecem aos seus consumidores. Por isso, você é a figura principal nesta pesquisa. Estamos animados pela 
nossa conversa e curiosos para saber o que você tem a nos contar sobre diferentes assuntos. Antes de começar, 
aproveite para pegar uma água e ir ao banheiro. Assim, você não precisa sair durante a conversa. Agora, para que 
você não tenha nenhuma preocupação durante o nosso bate-papo, escolha local confortável, com boa iluminação 
e sem barulhos externos que possam atrapalhar a sua atenção. Coloque seu aparelho em local estável e com boa 
conexão de internet. Também aproveite para verificar se sua câmera e seu áudio estão funcionando corretamente. 
 
 
 
 
 
Speaker 2 - 01:06
 
 Se tudo estiver ok, basta deixar seu microfone no silencioso enquanto outra pessoa estiver falando. Lembre-se de 
manter sua câmera sempre aberta durante toda a conversa. Caso sua conexão fale, não se desespere.",speaker 0 0 0 ola tudo bem speaker 0 0 0 que bom ver voce por aqui nos somos akira uma empresa dedicada a entender comportamentos necessidades e desejos das pessoas assim ajudamos diferentes marcas a melhorarem os produtos servicos e experiencias que oferecem aos seus consumidores por isso voce e a figura principal nesta pesquisa estamos animados pela nossa conversa e curiosos para saber o que voce tem a nos contar sobre diferentes assuntos antes de comecar aproveite para pegar uma agua e ir ao banheiro assim voce nao precisa sair durante a conversa agora para que voce nao tenha nenhuma preocupacao durante o nosso bate papo escolha local confortavel com boa iluminacao e sem barulhos externos que possam atrapalhar a sua atencao coloque seu aparelho em local estavel e com boa conexao de internet tambem aproveite para verificar se sua camera e seu audio estao funcionando corretamente speaker 0 0 0 se tudo estiver ok basta deixar seu microfone no silencioso enquanto outra pessoa estiver falando lembre se de manter sua camera sempre aberta durante toda a conversa caso sua conexao fale nao se desespere
doc_9a5944b3d38727a2,doc_9a5944b3d38727a2_ch_0002,2,"nquanto outra pessoa estiver falando. Lembre-se de 
manter sua câmera sempre aberta durante toda a conversa. Caso sua conexão fale, não se desespere. Conecte-se 
novamente. Estaremos esperando por você. Se não conseguir voltar, fique tranquilo. Estaremos em contato para 
te ajudar. Agora, se a pessoa da nossa equipe que está conduzindo a conversa tiver a sua imagem interrompida, 
aguarde que logo retomaremos. Tudo que for discutido e mostrado aqui é sigiloso. Por isso, pedimos que não 
grave nem tire prints ou fotos da tela durante o bate-papo. Agora, falta muito pouco para começar. Não se 
esqueça que estamos aqui para te ouvir, então não deixe de expressar suas opiniões verdadeiras e nem tenha 
receio de dizer o que pensa. Aqui não há certo ou errado. Por isso, aproveite e participe. Não espere ser chamado 
para falar. 
 
 
 
 
 
Speaker 2 - 02:06
 
 Sentiu vontade de dizer algo? Basta acionar o microfone e falar sem interromper outra pessoa. Prontinho, nosso 
bate-papo já vai começar. 
 
 
 
 
 
Speaker 3 - 02:23
 
 Bom, Rafaela, eu sou a [NOME], que vou conversar com você. Obrigada por ter topado fazer a pesquisa mais uma 
vez. Esse vídeo já conta tudo. Ele fala de grupo,",nquanto outra pessoa estiver falando lembre se de manter sua camera sempre aberta durante toda a conversa caso sua conexao fale nao se desespere conecte se novamente estaremos esperando por voce se nao conseguir voltar fique tranquilo estaremos em contato para te ajudar agora se a pessoa da nossa equipe que esta conduzindo a conversa tiver a sua imagem interrompida aguarde que logo retomaremos tudo que for discutido e mostrado aqui e sigiloso por isso pedimos que nao grave nem tire prints ou fotos da tela durante o bate papo agora falta muito pouco para comecar nao se esqueca que estamos aqui para te ouvir entao nao deixe de expressar suas opinioes verdadeiras e nem tenha receio de dizer o que pensa aqui nao ha certo ou errado por isso aproveite e participe nao espere ser chamado para falar speaker 0 0 0 sentiu vontade de dizer algo basta acionar o microfone e falar sem interromper outra pessoa prontinho nosso bate papo ja vai comecar speaker 0 0 0 bom rafaela eu sou a nome que vou conversar com voce obrigada por ter topado fazer a pesquisa mais uma vez esse video ja conta tudo ele fala de grupo
doc_9a5944b3d38727a2,doc_9a5944b3d38727a2_ch_0003,3,"la, eu sou a [NOME], que vou conversar com você. Obrigada por ter topado fazer a pesquisa mais uma 
vez. Esse vídeo já conta tudo. Ele fala de grupo, porque às vezes faz grupo, mas aqui é bate-papo entre eu e você, 
Meeting Title: EP9_Compras 
Digitais_3110_18h30.m4a
Meeting created at: 11th Mar, 2026 - 4:41 PM
1 / 52
tá? Então, que não vão ter outras pessoas participando. Só lembrando algumas coisas, eu sou [NOME] de Mercado, então não tenho envolvimento direto com o assunto, e isso é super importante para você 
estar à vontade para dar a sua opinião, para dizer o que você acha, o que você pensa, como você faz, ou seja, 
como eu não tenho envolvimento, eu não vou ficar nem alegre, nem triste, e vou estar super aberta para ouvir tudo 
o que você tem para dizer, tá? 
 
 
 
 
Speaker 1 - 03:04
 
 Tá bom. 
 
 
 
 
 
Speaker 3 - 03:05
 
 E relembrando que a gente grava porque eu preciso depois de tudo que a gente conversou para trabalhar em cima 
dos resultados, mas é sigiloso, jamais vou citar o seu nome ou de qualquer outra pessoa que a gente também 
esteja entrevistando, tá bom? 
 
 
 
 
Speaker 1 - 03:19
 
 Tá bom. 
 
 
 
 
 
Speaker 3 - 03:20
 
 Queria começar, Rafaela, com você",la eu sou a nome que vou conversar com voce obrigada por ter topado fazer a pesquisa mais uma vez esse video ja conta tudo ele fala de grupo porque as vezes faz grupo mas aqui e bate papo entre eu e voce meeting title ep0 compras digitais 0 0h0 m0a meeting created at 0th mar 0 0 0 pm 0 0 ta entao que nao vao ter outras pessoas participando so lembrando algumas coisas eu sou nome de mercado entao nao tenho envolvimento direto com o assunto e isso e super importante para voce estar a vontade para dar a sua opiniao para dizer o que voce acha o que voce pensa como voce faz ou seja como eu nao tenho envolvimento eu nao vou ficar nem alegre nem triste e vou estar super aberta para ouvir tudo o que voce tem para dizer ta speaker 0 0 0 ta bom speaker 0 0 0 e relembrando que a gente grava porque eu preciso depois de tudo que a gente conversou para trabalhar em cima dos resultados mas e sigiloso jamais vou citar o seu nome ou de qualquer outra pessoa que a gente tambem esteja entrevistando ta bom speaker 0 0 0 ta bom speaker 0 0 0 queria comecar rafaela com voce
doc_66b40b2eb6436092,doc_66b40b2eb6436092_ch_0001,1,"Speaker 1 - 00:04
 
 Olá, tudo bem? Que bom ver você por aqui. Nós somos Akira, uma empresa dedicada a entender 
comportamentos, necessidades e desejos das pessoas. Assim, ajudamos diferentes marcas a melhorarem os 
produtos, serviços e experiências que oferecem aos seus consumidores. Por isso, você é a figura principal nesta 
pesquisa. Estamos animados pela nossa conversa e curiosos para saber o que você tem a nos contar sobre 
diferentes assuntos. Antes de começar, aproveite para pegar uma água e ir ao banheiro. Assim, você não precisa 
sair durante a conversa. Agora, para que você não tenha nenhuma preocupação durante o nosso bate-papo, 
escolha local confortável, com boa iluminação e sem barulhos externos que possam atrapalhar a sua atenção. 
Coloque seu aparelho em local estável e com boa conexão de internet. Também aproveite para verificar se sua 
câmera e seu áudio estão funcionando corretamente. 
 
 
 
 
Speaker 1 - 01:06
 
 Se tudo estiver ok, basta deixar seu microfone no silencioso enquanto outra pessoa estiver falando. Lembre-se de 
manter sua câmera sempre aberta durante toda a conversa. Caso sua conexão fale, não se desespere, conecte-se 
novamente. Estaremos",speaker 0 0 0 ola tudo bem que bom ver voce por aqui nos somos akira uma empresa dedicada a entender comportamentos necessidades e desejos das pessoas assim ajudamos diferentes marcas a melhorarem os produtos servicos e experiencias que oferecem aos seus consumidores por isso voce e a figura principal nesta pesquisa estamos animados pela nossa conversa e curiosos para saber o que voce tem a nos contar sobre diferentes assuntos antes de comecar aproveite para pegar uma agua e ir ao banheiro assim voce nao precisa sair durante a conversa agora para que voce nao tenha nenhuma preocupacao durante o nosso bate papo escolha local confortavel com boa iluminacao e sem barulhos externos que possam atrapalhar a sua atencao coloque seu aparelho em local estavel e com boa conexao de internet tambem aproveite para verificar se sua camera e seu audio estao funcionando corretamente speaker 0 0 0 se tudo estiver ok basta deixar seu microfone no silencioso enquanto outra pessoa estiver falando lembre se de manter sua camera sempre aberta durante toda a conversa caso sua conexao fale nao se desespere conecte se novamente estaremos
doc_3a9c3f93806290fb,doc_3a9c3f93806290fb_ch_0001,1,"Speaker 1 - 00:04
 
 Olá, tudo bem? Que bom ver você por aqui. Nós somos Akira, uma empresa dedicada a entender 
comportamentos, necessidades e desejos das pessoas. Assim, ajudamos diferentes marcas a melhorarem os 
produtos, serviços e experiências que oferecem aos seus consumidores. Por isso, você é a figura principal nesta 
pesquisa. Estamos animados pela nossa conversa e curiosos para saber o que você tem a nos contar sobre 
diferentes assuntos. Antes de começar, aproveite para pegar uma água e ir ao banheiro. Assim, você não precisa 
sair durante a conversa. Agora, para que você não tenha nenhuma preocupação durante o nosso bate-papo, 
escolha local confortável, com boa iluminação e sem barulhos externos que possam atrapalhar a sua atenção. 
Coloque seu aparelho em local estável e com boa conexão de internet. Também aproveite para verificar se sua 
câmera e seu áudio estão funcionando corretamente. 
 
 
 
 
Speaker 1 - 01:06
 
 Se tudo estiver ok, basta deixar seu microfone no silencioso enquanto outra pessoa estiver falando. Lembre-se de 
manter sua câmera sempre aberta durante toda a conversa. Caso sua conexão fale, não se desespere, conecte-se 
novamente. Estaremos",speaker 0 0 0 ola tudo bem que bom ver voce por aqui nos somos akira uma empresa dedicada a entender comportamentos necessidades e desejos das pessoas assim ajudamos diferentes marcas a melhorarem os produtos servicos e experiencias que oferecem aos seus consumidores por isso voce e a figura principal nesta pesquisa estamos animados pela nossa conversa e curiosos para saber o que voce tem a nos contar sobre diferentes assuntos antes de comecar aproveite para pegar uma agua e ir ao banheiro assim voce nao precisa sair durante a conversa agora para que voce nao tenha nenhuma preocupacao durante o nosso bate papo escolha local confortavel com boa iluminacao e sem barulhos externos que possam atrapalhar a sua atencao coloque seu aparelho em local estavel e com boa conexao de internet tambem aproveite para verificar se sua camera e seu audio estao funcionando corretamente speaker 0 0 0 se tudo estiver ok basta deixar seu microfone no silencioso enquanto outra pessoa estiver falando lembre se de manter sua camera sempre aberta durante toda a conversa caso sua conexao fale nao se desespere conecte se novamente estaremos
