solution,k,persona_id,persona_nome_auto,rank,doc_id,chunk_id,evidence_score,excerpt,projeto,pais,marca_foco,publico,tipo_sessao
granular_k10,10,granular_k10_p00,consciente/natural/sustentável + curiosa por inovação e novidade,1,doc_74ca043fafaaea8d,doc_74ca043fafaaea8d_pp_ch_0007,12.35,"O formato, eu acho. Parece uma coisa bem chique. É, o refil. Amei o refil. O que mais, gente? Vocês acham que vai chamar a atenção? Muito. Essa mudança. As consumidoras vão se interessar? Vai ser uma coisa que vai chamar a atenção? Por quê? O que chama a atenção? Algo novo, né? Algo novo. Algo diferente. Moderno. Mas se pensar, o refeio consegue ficar assim? De pezinho, refeio? Sim, sim, consegue. E tal, pensa que aquele ali também tá em pezinho, né? O de plástico. Mas ele, o original, o que a gente não fica, o de hidratante, não fica em pé. Não, não, mas esse vai ficar. Esse vai ficar. Muito bom. Bom. Tá...",anima,nao_inferido,nao_inferido,nao_inferido,nao_inferido
granular_k10,10,granular_k10_p00,consciente/natural/sustentável + curiosa por inovação e novidade,2,doc_2f47184626ff09c1,doc_2f47184626ff09c1_pp_ch_0016,7.35,"É muito diferente. Mudou o real. Mudou o real, não mudou o real. Sofisticou o real. É a outra cara. É que a gente, vendo assim a diferença, é uma coisa que você está na sua cabeça, não é? Outra cara. Que palavras vocês usariam para descrever a atual? Antiga. Antiga. Talvez clássica. Antiga, clássica, comum, legal. Mais alguma? E a nova? Sofisticado, moderno. Moderno. Atual. Muito bom, gente. Se fosse roupa, Sabe que a embalagem é a roupa da marca, né? Como é que natural é buscar uma vestida aqui na atual? Básico. É o quê? Tipo jeans? Sim, sim. Sim, sim. Jeans, uma camisinha. É isso? Jeans e camisinha? Muito bom....",anima,nao_inferido,nao_inferido,nao_inferido,nao_inferido
granular_k10,10,granular_k10_p00,consciente/natural/sustentável + curiosa por inovação e novidade,3,doc_813751e4679e395b,doc_813751e4679e395b_pp_ch_0015,7.35,"Então, uma coisa legal que a gente fez aqui no meu prédio, que a gente mudou mais ou menos há ano, foi a questão do descarte do lixo. Então, a gente sempre separou, intensificou a separação do lixo orgânico do lixo reciclável. Então, o que a gente fez? A gente contratou instituto, chama-se Instituto Muda. Esse instituto, ele vem, ele pega ali, a gente já separa madeira, plástico, papel e ele já doa para ONGs, para instituições que vão usar esse material e vai reverter também para o bem deles, uma ajuda financeira e tudo mais. Então, eu acho que nos últimos anos, as pessoas estão mais conscientes e a gente está...",biome,nao_inferido,nao_inferido,nao_inferido,nao_inferido
granular_k10,10,granular_k10_p00,consciente/natural/sustentável + curiosa por inovação e novidade,4,doc_9ed820073ce06c76,doc_9ed820073ce06c76_pp_ch_0019,7.35,"Então, vamos dizer assim, é uma troca que deve ser sadia sempre, e graças a Deus hoje estamos tendo mais conscientização no modo geral. Vou fazer uma pergunta. Na escolha de produtos de uma maneira geral, vocês falaram muito da reciclagem, de separação de lixo, de não deixar lixo, de até pegar lixo de outras pessoas, Olha, de produtos, tem algum pensamento, vocês acabam tendo alguma atitude em relação a isso ou não tanto? No meu caso, eu uso shampoo e condicionador específico. Às vezes, uso também produtos para sabonete também, assim, o mais natural possível. Ainda não consegui ser totalmente assim, mas eu...",biome,nao_inferido,nao_inferido,nao_inferido,nao_inferido
granular_k10,10,granular_k10_p00,consciente/natural/sustentável + curiosa por inovação e novidade,5,doc_d7948b6302ad2fee,doc_d7948b6302ad2fee_pp_ch_0014,6.35,"Aparentemente sim. Parece que vai ficar pouquinho mais caro. Pelo menos uns 8 reais. A ideia de embalagem se reciclava, não era pra ser mais barata? Pelo material utilizado, se for da garrafinha que a gente tá falando, eu acho que pelo material utilizado é a pessoa mais barata. Tá bom. Muito bom. Vocês, como é que fica? Vocês são já consumidores de ego? Sim. Continuariam comprando se eles mudassem pra casa? E é uma mudança que seria legal? Tipo, a constância do consumidor? É, depende do preço. É, depende do preço, lógico, mas... Essa é a embalagem que vai mudar, não é o produto? Não, é. A linha que eu mais gosto...",anima,nao_inferido,nao_inferido,nao_inferido,nao_inferido
granular_k10,10,granular_k10_p00,consciente/natural/sustentável + curiosa por inovação e novidade,6,doc_ac743f4f09e1e58c,doc_ac743f4f09e1e58c_pp_ch_0025,3.35,"Ele transmite o quê? Vocês tinham falado no início que provavelmente não vai ser, é mais, decompõe mais fácil, né, vocês falaram no início, mas alguma coisa que ele transmite esse clássico, pouco de insegurança, será que vai estourar? Não gosto dele, não gosto dele. Quer dizer, aquela garrafinha bem barata de leal, que você compra na estrada pra ele viajar, que eu digo pra. Você, você vai abrir, ó, sai toda. A água, e a tampa não sai de jeito nenhum. Ela, do jeito que ela tá aí, Representa só os sustentáveis. É, do jeito que tá aí, Na mão dela daquele jeito, eu não gosto. Mas com aquele bico, então já muda a...",anima,nao_inferido,nao_inferido,nao_inferido,nao_inferido
granular_k10,10,granular_k10_p00,consciente/natural/sustentável + curiosa por inovação e novidade,7,doc_bd7e79d2d8b662f0,doc_bd7e79d2d8b662f0_pp_ch_0018,3.35,"Quando a gente fala de Boticário, Gente pensa numa outra coisa. Quando a gente fala de natura é aquilo. Cara, eu sou preocupado, quero uma coisa livre dessas coisas que vai me dar câncer, entendeu? Já o Boticário, meu amor. O Boticário já está fazendo produção. Não sei. Então toda essa preocupação é seu mesmo. Mas ainda é essa coisa. Ainda mais depois que o Boticário comprou a Buti, né? Porque a Buti é aquela marquinha lá, tipo, né? Segunda linha. Então a gente fazia descer o nível com o profit. Então nesse aspecto são dois consumidores diferentes. Mas se você pegar, por exemplo, o acesso à natura é mais de...",anima,nao_inferido,nao_inferido,nao_inferido,nao_inferido
granular_k10,10,granular_k10_p00,consciente/natural/sustentável + curiosa por inovação e novidade,8,doc_9ed820073ce06c76,doc_9ed820073ce06c76_pp_ch_0012,3.35,"Aqui nordeste a gente não tem esse costume de higiene ao máximo, sabe? Eu não vou mentir, passar pano. Isso nordeste China é mentira. Não. As pessoas aqui são bem difíceis. As ruas não são limpas, não tem essa preocupação. Chega no carro, vez de colocar o lixo dentro do carro, saquinho, joga na janela. Entendeu? Você é a fresca, você é a errada, você sente até constrangido de falar para a pessoa, não faz isso com uma amiga aí, né? Fernanda, né? Você falar pra pessoa, você se sai como errada, você está no século assim. É uma inversão de valores, de educação bem complicada que se não vier dos seus pais, não vem...",biome,nao_inferido,nao_inferido,nao_inferido,nao_inferido
granular_k10,10,granular_k10_p00,consciente/natural/sustentável + curiosa por inovação e novidade,9,doc_813751e4679e395b,doc_813751e4679e395b_pp_ch_0034,2.35,"Sim, porque eu tava lá, eu ainda tava morando para aqueles lados daquela região. Então era super perto, passei ali. Vocês acham que a primeira vez tem que ser numa loja, por exemplo? É bom porque você eles explicam, né? Igual as minhas falaram, ela explica que a a a embalagem você pode plantar, ela vira adubo, enfim, eu acho que a primeira vez ela cai na loja, sim. Eu que eu compro muito na loja. Então, pra mim, Eu uso muita coisa da Natura. E eu, geralmente, eu gosto de ir à loja. Eu não sou muito fã de comprar. Eu gosto de sentir cheiros. Eu gosto muito de comprar. É, a não ser que eu conheça há muito tempo....",biome,nao_inferido,nao_inferido,nao_inferido,nao_inferido
granular_k10,10,granular_k10_p00,consciente/natural/sustentável + curiosa por inovação e novidade,10,doc_9ed820073ce06c76,doc_9ed820073ce06c76_pp_ch_0032,2.35,"É, o meu também é mais ou menos isso, uns dois meses. Eu lavo a cabeça por uns quatro, cinco segundos. Mês e meio. Porque aqui... Dois meses e meio, dois meses. Só usa eu, bota no cabelo da gente também. Dura mais do que frasco. Dura mais que frasco? Muito mais. Bem mais, bem mais. É como se eu tivesse usando em uma barra uns três ou quatro frascos de xampu, eu acho. E a questão do brisco? Falaram muito sobre o brisco. Eu ia falar justamente disso. A primeira vez que eu vi, que eu usei da minha namorada, que eu gostei, e ela me convenceu, obviamente, porque ela é pouco mais natural do que eu, no senso geral, Eu...",biome,nao_inferido,nao_inferido,nao_inferido,nao_inferido
granular_k10,10,granular_k10_p01,comparadora de marcas + guiada por marca e confiança,1,doc_012fe174842b390e,doc_012fe174842b390e_pp_ch_0012,48.35,"É difícil. Você acha que o boticário ajuda muito a vender? O que a Natura faz que ajuda a vender? O que a Cacau Show faz que ajuda muito a vender? A boticário, em venda, se eu me dedicasse, eu venderia muito mais boticário. Porque ainda é discriminado a Natura. Acha que o boticário é melhor. Ainda tem uma discriminação. O cliente acha que o Boticário costuma ser melhor. Mas não é porque assim em relação a hidratantes os hidratantes da natura eles hidratam muito bem enquanto o da Boticário só é perfume só o cheiro não hidrata. O que mais que tem a ver com você? Como que eles caracterizam essa discriminação, essa...",natura_3cs,nao_inferido,natura,consultoras,nao_inferido
granular_k10,10,granular_k10_p01,comparadora de marcas + guiada por marca e confiança,2,doc_ab0b946958f4f005,doc_ab0b946958f4f005_pp_ch_0017,23.35,Que antes tinha uma dificuldade até nossa de compreender o quanto que eu consigo explicar para o cara que aqui ele vai pagar mais caro e ele vai ter perfume melhor. Ele já entendeu isso não precisa explicar. Não é isso. A gente só tem que trazer só tem que começar a usar termos que eles entendam que assim é DP é DT concentração. Isso o consumidor o básico não vai usar a não ser que o cara seja alucinado por perfumes que nem eu já fui na vida e sabia de tudo isso. Mas o consumidor padrão não vai usar. Então tem uma revisão de nomenclatura nossa e de vocabulário nosso para conseguir fazer treinamento melhor para...,3cs_perfumes,nao_inferido,nao_inferido,nao_inferido,entrevista_em_profundidade
granular_k10,10,granular_k10_p01,comparadora de marcas + guiada por marca e confiança,3,doc_5c06d290f301eadb,doc_5c06d290f301eadb_pp_ch_0004,20.35,"Interessante. Então você já faz entrega até com... Já tem uma pessoa que te apoia ali, pelo menos, pras entregas, quando não tá dentro do seu [ENDERECO]. É, na verdade, eu faço pelo Lalamu. Complicativo. Eu tenho cliente até no Morumbi, enfim, que não é só... Tudo cliente de pandemia, sabe? Sim. Foram compartilhando, e aí chegaram até mim. E quando... E essas, assim, às vezes nem é porque eu mandei nada, porque já sabe o produto quer, já a quantidade, já me manda mensagem, já quer tal, tal. E hoje você trabalha só com a Natura ou você já trabalha com outras marcas? Eu já cheguei a trabalhar com a Natura,...",natura_3cs,nao_inferido,natura,consultoras,nao_inferido
granular_k10,10,granular_k10_p01,comparadora de marcas + guiada por marca e confiança,4,doc_57600d8711fbb9d4,doc_57600d8711fbb9d4_pp_ch_0031,19.35,"Então, ela achou que era da Natura. Começou com esse filtro. Exato, eu falei, não, vamos falar sobre outras coisas. E aí que ela vinha, aí ela se soltou. Isso vai pro final, aí ela se soltou. Porque ela achou que era uma entrevista da Natura. A questão de amostra, Isabela, o que ela falava em relação ao fornecimento de amostra? Quanto a Natura fornece? Algum ponto de melhoria comparando a Natura com outras marcas também? Tem muita amostra de lançamento, mas às vezes, por exemplo, de essencial floral não tem, e eu gostaria que tivesse. Então, é quase ter outras opções para amostragem, Eles focam muito nos...",3cs_perfumes,nao_inferido,nao_inferido,nao_inferido,entrevista_em_profundidade
granular_k10,10,granular_k10_p01,comparadora de marcas + guiada por marca e confiança,5,doc_f17a8b4e6ffe8287,doc_f17a8b4e6ffe8287_pp_ch_0002,18.35,"Tá começando agora, eu tenho que tem 20 já. Nossa, menina, mas você tá jovem, hein? Eu tive ele bem nova, aí eu tive três, só que com espaço bem grande, então ele tem 20, tem de 13 e de 5. Ai, que delícia. Em casa nós somos três, também é bom ter bastante irmão, a gente se apoia bastante, né? É, é uma baguncinha, mas é bom. É, é uma bagunça. Pra mim, realmente, minha mãe ficava maluca. Mas que bom. Então, você trabalha como revendedora só de Natura, é isso? Não, não. Eu revendo outras marcas também. Outras marcas também? Pode falar ou não? Pode, preciso que fale. Eu revendo Eudora, Boticário, Natura e Avon, às...",natura_3cs,nao_inferido,natura,consultoras,nao_inferido
granular_k10,10,granular_k10_p01,comparadora de marcas + guiada por marca e confiança,6,doc_7c1dc7dcc6ddc2d7,doc_7c1dc7dcc6ddc2d7_pp_ch_0004,18.35,"Eu acho que a vitrine, tanto a luz, que a Má estava falando, mas também a escolha. O Boticário tinha o lançamento grande e era de perfumaria, então o 214 estava nas duas lojas, como vitrine, com uma exposição grande. Mesmo que as duas tinham diferença entre as lojas do Boticário, de tamanho, de escolha, a gente conta mais daqui a pouco, mas assim, uma escolha clara de perfumaria na vitrine existia nas duas. Na Natura tinha quase por de fora inteiro na vitrine, daí nem dava para ver qual era o lançamento, apesar de ter alguns lançamentos na vitrine, não tinha nenhum deles com destaque, então... Isso a gente viu...",3cs_perfumes,nao_inferido,nao_inferido,nao_inferido,entrevista_em_profundidade
granular_k10,10,granular_k10_p01,comparadora de marcas + guiada por marca e confiança,7,doc_57600d8711fbb9d4,doc_57600d8711fbb9d4_pp_ch_0015,17.35,"O que eu e o Emerson tiramos dessa entrevista? Natura e o Boticário não tem diferenciação. Porque ele não sabia se caiaca era da Natura do Boticário e nem coffee da Natura do Boticário. E toda hora ele trocava as informações. Então, se eu começava a perguntar sobre a Natura, a gente, pela conversa, entendia que ele estava se contradizendo. Então, ele se contradizia muitas vezes. Então, era difícil a gente saber se ele realmente estava dizendo o que a gente estava perguntando sobre quem a gente estava perguntando, qual marca. Então, foi uma entrevista pouco mais complexa, eu diria. Tanto porque ele queria falar...",3cs_perfumes,nao_inferido,nao_inferido,nao_inferido,entrevista_em_profundidade
granular_k10,10,granular_k10_p01,comparadora de marcas + guiada por marca e confiança,8,doc_7c1dc7dcc6ddc2d7,doc_7c1dc7dcc6ddc2d7_pp_ch_0029,17.35,"Para a gente ir fechando então, menino, para eu liberar vocês. Estão fazendo meio que wrap-up, fechamento de tudo que vocês viram. Como que vocês, mais alguma coisa que vocês acrescentariam entre a oferta de Natura versus a oferta da concorrência, pensando no que a Natura oferece atualmente, o que vocês veriam como aprimoramento, se tiver algo além do que vocês trouxeram. Será que a gente lembra a mesma coisa? Eu acho que entre as entrevistas com consumidor, consultora, para mim fica muito claro que é mais preferência e amor de marca, né? Agora o que me chocou mais mesmo foi a questão das lojas, eu acho as lojas...",3cs_perfumes,nao_inferido,nao_inferido,nao_inferido,entrevista_em_profundidade
granular_k10,10,granular_k10_p01,comparadora de marcas + guiada por marca e confiança,9,doc_9e6379543f294d71,doc_9e6379543f294d71_pp_ch_0010,16.35,"Direciona bem mais o olho à praça. Tá bom. O ponto que eu tô notando agora é que o preço promocional da Natura é mais destacado do que o de carro, né? É, isso é. Porque fica mais em vermelhinho ali, né? Tá bom. Aí a gente pode passar, então, pra... Eu ponho aqui também de Boticário e L'Occitane. Me conta então das impressões e o que diferenciou em relação às outras lojas. L'Occitane para mim foi meio... Quer começar? Não, pode começar antes. Para mim foi mais difícil porque eu não conhecia pouco o portfólio, mas eu entrei com o mesmo discurso de procurar uma perfumaria fresca. Senti que a vendedora tinha...",3cs_perfumes,nao_inferido,nao_inferido,nao_inferido,entrevista_em_profundidade
granular_k10,10,granular_k10_p01,comparadora de marcas + guiada por marca e confiança,10,doc_b5d06e16e286306b,doc_b5d06e16e286306b_pp_ch_0005,16.35,"Passou pra você, tá. É, e aí ela já, aí ela perguntou o que Camil Fativa gostava, eu falei que eu gostava de uma coisa mais amadeirada e tal, ela já foi pra Natura Homem. E aí eu perguntei pra ela, e aí eu instigando, né, por que você não me ofereceu essencial, né? E ela falou assim, porque essencial é mais forte do que Natura Homem, então me chamou a atenção também, essa gradação que existe na cabeça ali da... Da consultora que estava nos atendendo ali, sobre a gradação dos produtos, da intensidade do perfume e tal. Ela me mostrou, sobretudo, o Natura Homem Corágeo, que é o perfume mais caro de Natura Homem,...",3cs_perfumes,nao_inferido,nao_inferido,nao_inferido,entrevista_em_profundidade
granular_k10,10,granular_k10_p03,social/familiar e influenciada por indicação + entusiasmada/encantada,1,doc_89fa2004a39f9cde,doc_89fa2004a39f9cde_pp_ch_0009,11.35,"Tem marcas, mas marcas, assim, é voltada a pessoas específicas, por exemplo. Eu tenho amigos que eu sei que amam Calvin Klein, amam Kelvin e tudo mais. Se é pra dar pra amigo, eu sei que eu vou procurar mais nessas lojas. Se é pra dar pra minha mãe, eu sei que minha mãe ama bolsa, sapatos, aí eu vou procurar nessas outras lojas. Se eu estou passeando numa loja departamento, eu gosto muito de passar na Renner, que a Renner tem de tudo também. Lá eu sempre, quando eu quero dar presente para mais de uma pessoa, eu sempre, às vezes não, sempre encontro alguma coisa interessante. Dependendo se vier, assim, depende da...",natura_3cs,nao_inferido,natura,consumidoras,nao_inferido
granular_k10,10,granular_k10_p03,social/familiar e influenciada por indicação + entusiasmada/encantada,2,doc_124f0c4d1195ab02,doc_124f0c4d1195ab02_pp_ch_0015,9.35,"Você falou que quando você vai dar perfume, você sempre escolhe, sei lá, o Boticário, uma vez se deu o Natura, enfim, mas independente do tipo de produto. Você acha que tem marca que é marca de presente, marca que não é marca de presente, assim, que você olha e fala, nossa, essa é uma marca legal pra dar de presente? Ou não, você olha todas assim, igual, vai ver na hora. Ou você já tem umas na cabeça, que você fala, nossa, eu vou comprar presente, eu sei que tem essa e essa, que são boas opções. Eu já tenho pouco assim na cabeça. Pra chegar uma loja nova e entrar, nossa, ela tem que ter alguma coisa me chamando...",natura_3cs,nao_inferido,natura,consumidoras,nao_inferido
granular_k10,10,granular_k10_p03,social/familiar e influenciada por indicação + entusiasmada/encantada,3,doc_399dacb2736f0f29,doc_399dacb2736f0f29_pp_ch_0014,9.35,"E você falou das amigas, né? Conta pouquinho. Elas também são importantes? São, muito, né? Porque por mais que tenha a minha sogra e a minha mãe, elas também tem a vida dela, né? E a minha sogra tem outros filhos. Minhas mães são pequenas, né? Eu tenho punhado de nove anos. Então, né? Acaba demandando. E as minhas a gente tem a mesma fase de idade, de [IDADE] anos, então é tudo muito novo, é tudo muito que fofinho, vem cá, vamos ficar com a titia, vamos ali no parquinho com a titia, vamos passear, então é muito importante, acaba sendo importante para gente também, porque eu vejo muitas mães que ficam muito tempo...",bem_maes,nao_inferido,nao_inferido,nao_inferido,nao_inferido
granular_k10,10,granular_k10_p03,social/familiar e influenciada por indicação + entusiasmada/encantada,4,doc_cda5ac0ca4bfa447,doc_cda5ac0ca4bfa447_pp_ch_0009,6.35,"Mas importante, né? Não, mas aí ele me leva pra jantar, às vezes a gente faz passeio, vamos no cinema, algum teatro, algum barzinho e faz surpresa pra mim, entendeu? Então, me dá uma lingerie. Ou no caso assim, das minhas tias, que são as irmãs da minha mãe, às vezes elas me dão coisinha assim besteira, né? Já são bem de idade. Às vezes elas me dão chocolate, me dão brinquedo. Então acaba sendo uma coisa mútua, né? De duas vias, né? Eu acho isso legal, mas eu não espero, não. Tudo que eu faço com amor é doação. Então, isso aí, eu acho que o retorno que a vida me dá é... São bênçãos, né? Que eu falo que são...",natura_3cs,nao_inferido,natura,consumidoras,nao_inferido
granular_k10,10,granular_k10_p03,social/familiar e influenciada por indicação + entusiasmada/encantada,5,doc_d64503ab71e69ea1,doc_d64503ab71e69ea1_pp_ch_0005,6.35,"Então, assim, quando é aniversário de criança, eu... Por exemplo, o Luca tem muito, né? Toda semana é. Eu vou lá no Brás, compro vários presentinhos da faixa Itália, e assim, eu tenho comprado mais roupa. E aí vou presenteando. Agora, quando é assim muito amiga minha, eu tento comprar uma coisa melhor, né? E se tiver sobrando do salário também. Mas assim, quando são mulheres, uma coisa assim, quando eu não conheço bem, eu sempre gosto de dar hidratante, sabonete, folhante, porque toda mulher gosta, né? Não tem como errar. Quando é homem, assim, por exemplo, eu dei para o marido da minha super amiga. Eu disse,...",natura_3cs,nao_inferido,natura,consumidoras,nao_inferido
granular_k10,10,granular_k10_p03,social/familiar e influenciada por indicação + entusiasmada/encantada,6,doc_52108ac94ef635f9,doc_52108ac94ef635f9_pp_ch_0013,5.35,"Então, o ponto positivo, deixa eu verificar assim que eu vejo, é a qualidade dos produtos, de ambos, tanto da Natura quanto da Demilus. O ponto positivo é a qualidade dos produtos. A Natura pesa muito pelo meio ambiente, então são produtos naturais, são produtos testados dermatologicamente, então raramente tem problema. A qualidade das fraganças, todo mundo fala, é cheiro que acaba ficando marcante entre a pessoa. E, assim, é essa troca, essa amizade, entendeu? Que de alguns clientes se tornaram grandes amigos meus. Entendi, por conversa com os amigos. E o que você acha que poderia ser diferente nessas duas...",natura_3cs,nao_inferido,natura,consultoras,nao_inferido
granular_k10,10,granular_k10_p03,social/familiar e influenciada por indicação + entusiasmada/encantada,7,doc_399dacb2736f0f29,doc_399dacb2736f0f29_pp_ch_0031,5.35,"Mas é difícil, né? Como é que eu posso te dizer? Aquele período ali da gente dar o início, pelo menos, da amamentação, quando entra o nascimento, ele tem ano e meio, né? E aí a gente fica, né? Ai, tô dando mamar e tudo mais. Mas depois, agora, pra tirar também, não é fácil, né? Sábado, a gente tinha aniversário pra ir, eu e meu marido, né? E daí, vamos deixar, a gente mora junto, a gente mora aqui na parte de baixo, meus sogros em cima, né? Vou deixar com a minha mãe, o meu marido falou pra eu visitar. Aí, no fim, a minha sogra já tinha dito não pra minha cunhada, que não ficaria com o nenê, que o nenê é três...",bem_maes,nao_inferido,nao_inferido,nao_inferido,nao_inferido
granular_k10,10,granular_k10_p03,social/familiar e influenciada por indicação + entusiasmada/encantada,8,doc_cda5ac0ca4bfa447,doc_cda5ac0ca4bfa447_pp_ch_0015,4.35,"Sim, é essa a segunda alternativa. Não gostei tanto, mas igual, geralmente perfume pra pessoa de idade... Antigamente eu dava perfume com fragrâncias mais fortes, né? Bem marcantes. Mas eu vejo que a minha... Assim, a minha de hoje é bem moderna. Aqui é uma coisa mais leve, que ela consegue usar muito dentro de casa, quando ela vai sair, vai ter reunião de amigas ou vai no shopping. Então, assim, eu vejo que, tipo... Se eu der uma fragrância floral, uma coisa que é bem leve, bem sutil, ela consegue usar durante o dia normal, pra ir no médico, enfim. E ela sente bem confiante e vai, né? Então, assim... Mas mesmo...",natura_3cs,nao_inferido,natura,consumidoras,nao_inferido
granular_k10,10,granular_k10_p03,social/familiar e influenciada por indicação + entusiasmada/encantada,9,doc_89fa2004a39f9cde,doc_89fa2004a39f9cde_pp_ch_0005,4.35,"Então, hoje eu consegui e estou morando lá, graças a Deus. Somos vizinhos. Somos vizinhos. Eu moro ali pertinho. Mila Mariana. Estou muito longe de você. Mas você está mais no centro. Para quem gosta de festa, como você falou, é bom lugar para poder festejar. E é bom lugar para achar presentes também. Tem muita opção. Sim, é lugar bem boêmio, né? Ali o Vichiga e tal, eu gosto muito. Que bom, que bom. Quando eu morava em São Paulo, ela morava ali na Vila Mariana. Ela morava ali descendo a Loefe Green. Não sei se chama... Não é Vila Mariana que chama, é Vila... Ai, não consigo me recordar o nome do [ENDERECO], mas...",natura_3cs,nao_inferido,natura,consumidoras,nao_inferido
granular_k10,10,granular_k10_p03,social/familiar e influenciada por indicação + entusiasmada/encantada,10,doc_95f0f8f3bf008a0b,doc_95f0f8f3bf008a0b_pp_ch_0016,4.35,"Aí são mais, acho que vai variando de acordo também com isso, né? Numa média, a gente colocaria essas quatro horinhas, mas dependendo da situação, a coisa se esquenta. No dia das mães, no ano passado, no próprio domingo, eu quase não conseguia comer. No ano passado, esse ano não. Esse ano foi melhorzinho. Mas no ano passado, foi loucura. Eu quase não consigo comer. Mas você achou que ano passado o pessoal deixou mais pra última hora que esse ano? De pessoal te pedindo coisa pronta e entrega mesmo? Ou eu divulguei menos, né? Ou eu divulguei menos. Muitas variáveis, mas... Sim, sim. A gente tem slogan que fala...",natura_3cs,nao_inferido,natura,consultoras,nao_inferido
granular_k10,10,granular_k10_p04,curiosa por inovação e novidade + orientada a eficácia e resultado,1,doc_7244ee28c4ae4fdf,doc_7244ee28c4ae4fdf_pp_ch_0025,26.35,"Eu usaria de manhã e de noite, eu não usaria o dia todo, mas por essa questão de eu mexer com doces, eu não posso ter muito cheiro assim o tempo todo, então eu usaria de manhã e à noite. Mas tá associado com o banho, Gisele? Você usaria dentro do banho ou fora do banho? Então, eu usaria tanto dentro quanto fora, dependendo talvez da minha disposição ali, do meu tempo, né? Tenho tempo Eu gosto bastante de passar os hidratantes quando eu saio do banho, mas se eu tenho pouquinho mais de tempo para relaxar ali no banho, eu usaria no banho e depois... Eu sei que facilitaria já usando no banho e não ter que usar...",havana_iii,nao_inferido,nao_inferido,nao_inferido,nao_inferido
granular_k10,10,granular_k10_p04,curiosa por inovação e novidade + orientada a eficácia e resultado,2,doc_66b40b2eb6436092,doc_66b40b2eb6436092_pp_ch_0006,21.35,"Por isso, nos especializamos em perfumaria e cuidados masculinos para possibilitar que cada homem se expresse e se cuide da sua maneira. Unindo ciência com natureza, desenvolvemos vasto portfólio de produtos. Na perfumaria temos fragrâncias surpreendentes com ampla diversidade olfativa para as mais diferentes ocasiões masculinidades. Em cuidados pessoais, uma linha completa para pele, barba e cabelo, com alta performance e resultados cientificamente comprovados. Então esse texto aqui a gente nem vê normalmente na vida real, é só para vocês saberem o que ela está propondo. Então é muito essa coisa de cuidado com...",jack_pearson,brasil,nao_inferido,nao_inferido,nao_inferido
granular_k10,10,granular_k10_p04,curiosa por inovação e novidade + orientada a eficácia e resultado,3,doc_3a9c3f93806290fb,doc_3a9c3f93806290fb_pp_ch_0024,14.35,"Mas aqui também fica para uma coisa mais pele sensível, dermo leva para isso? É, dermo, por ser dermo, sempre vem na cabeça produtos para pele, e por ser tech, acho que esse tech veio na minha cabeça algo assim que seria para alguma pele com alguma condição específica, sabe? Algo que seria esse produto para essa condição específica da parte do corpo. Ótimo, muito bom. Chay? Para mim é mais ou menos isso que eles falaram, porém eu não acho que seja específico, acho que é mais geral também, mas que tem a ver com a pele mesmo, ou seja, a pele em si, ou loção para barba, ou para as mãos, ou para uma parte do corpo...",jack_pearson,brasil,nao_inferido,nao_inferido,nao_inferido
granular_k10,10,granular_k10_p04,curiosa por inovação e novidade + orientada a eficácia e resultado,4,doc_4fb6c79b4c64bba8,doc_4fb6c79b4c64bba8_pp_ch_0026,11.35,"Todo mundo? Eu compraria. E eu vou sempre perguntar também, quando que a gente usaria? Eu compraria. Quando que é pra usar? Quando vocês imaginam? Usaria pela manhã e a noite também. Fernanda tá aí no manhã e à noite também. Tudo bem, Fernanda, ele sendo energizante ou na noite? Sim, eu tenho essa mesma ideia de que a Giovana tava explicando, de que você fica energizada, tranquila, numa energia mais pra dormir. Não sei, é meio contraditório, porém... Dá pra ter essa energia pra dormir, entende? É uma energia... Me deixa energizada, aí vou dormir tranquila, bem... É como se ele... Agora veio uma coisa na minha...",havana_iii,nao_inferido,nao_inferido,nao_inferido,nao_inferido
granular_k10,10,granular_k10_p04,curiosa por inovação e novidade + orientada a eficácia e resultado,5,doc_90e2fc7494d27bd2,doc_90e2fc7494d27bd2_pp_ch_0010,10.35,"O que você vê aí nessas propagandas que te dá essa sensação, né, de bem-estar, de que você vai usar e vai ficar bem? O que aí nelas? Que imagem? O que você vê aí que te dá essa sensação, Conceição? A alegria dela tá passando e tá vendo que tá melhorando, que tá bem, entendeu? Ela dá alegria, satisfação. Realização de estar passando produto que vai ficar bom. E aí dá vontade da Gé, vou passar também porque vai ficar bom, vamos lá. E eu sou [NOME], de ouvir o que as pessoas falam. Minha amiga, vamos supor, eu comprei o tal creme, é bom, eu tô usando, tô me sentindo legal, a pele tá ficando bom, aí eu vou, eu...",gaia_ii,nao_inferido,nao_inferido,nao_inferido,nao_inferido
granular_k10,10,granular_k10_p04,curiosa por inovação e novidade + orientada a eficácia e resultado,6,doc_d26ac17df9e509e7,doc_d26ac17df9e509e7_pp_ch_0011,10.35,"Isso! De onde vem essa percepção de naturalidade aí? De confiança de estar usando produto bom, eu acredito. É justamente pra mim passar essa imagem, assim. Eu conheço a marca. Ela é antiga essa marca, né? Até tinha esquecido. É, e muito boa. Eu já usei... Eu tô usando, na verdade. É como se fosse tônico, né? Ele limpa a pele. E essa marca é muito boa. Quando eu via essas imagens, aí eu só me lembro disso. Tipo, qualidade. Qualidade, tá? Quando a gente olha pra essas mulheres que tão aí, que impressão que elas passam pra gente? Cês tavam falando pouquinho, né? Aí cês falaram, passa satisfação, passa serenidade. A...",gaia_ii,nao_inferido,nao_inferido,nao_inferido,nao_inferido
granular_k10,10,granular_k10_p04,curiosa por inovação e novidade + orientada a eficácia e resultado,7,doc_d42528cd9f4f9278,doc_d42528cd9f4f9278_pp_ch_0014,9.35,"Tá. Mostra, de alguma forma aí, resultados comprovados? Transmite essa mensagem? Não, pra mim não. Pra mim é como todas as marcas, ela vai trazer o que tem de melhor. Então ela não vai trazer jamais .. Algo, por exemplo, aquilo que eu falei lá no início, ela não vai trazer uma pele manchada pra colocar aqui e dizer que esse produto é maravilhoso pra isso. Então ela traz o mais do mesmo, do que a gente já tem. Ele não vai trazer uma modelo que tem uma pele que é feia, que não vai chamar atenção aqui. É que tem umas letras pequenininhas que não dá pra gente meio que ver muito o que o marketing traz, mas assim é...",gaia_ii,nao_inferido,nao_inferido,nao_inferido,nao_inferido
granular_k10,10,granular_k10_p04,curiosa por inovação e novidade + orientada a eficácia e resultado,8,doc_c1b714ce1513e838,doc_c1b714ce1513e838_pp_ch_0050,9.35,"Parece que é produto individual. É, mas não diz assim. Eu acho que seria interessante primeiro, sabe? Fazer por, tipo, uma escada. Quando tu olha assim, em degradê, eu acho que é isso que se fala. Não entendo muito tecnologia. Essa palavra sistema dá ideia de passo a passo? Dá ideia do que essa palavra sistema? Sistema de hidratação inteligente, quer dizer, é produto mais inteligente, sei lá, Tecnologia diferente, sei lá. Não entendi muito, não. Não? Não dá ideia de passo a passo essa, o sistema? Só falar sistema não parece ser passo a passo, não dá essa ideia de passo a passo, é isso? Ele botasse aqui de...",gaia_ii,nao_inferido,nao_inferido,nao_inferido,nao_inferido
granular_k10,10,granular_k10_p04,curiosa por inovação e novidade + orientada a eficácia e resultado,9,doc_d42528cd9f4f9278,doc_d42528cd9f4f9278_pp_ch_0056,8.35,"Pode ser shampoo, pode ser condicionador. É, creme, shampoo, condicionador, tonificante, qualquer coisa. Eu acho que esse tema não se encaixaria na linguagem que a gente fala de pele, né? É, hoje em dia o pessoal tá usando muito aquele skin care pra falar, né? É, ou rotina de hidratação inteligente. Rotina, isso. Então, a palavra, sistema não dá conta de falar do passo a passo. Não combina. Não combina. Eu estava falando até de sistema de água e esgoto. Sistema de água e esgoto. É, você não... Parece mais uma coisa mais teórica, não de... Pra mim, é, Pra mim lembra alguma coisa mais teórica, tipo o sistema da...",gaia_ii,nao_inferido,nao_inferido,nao_inferido,nao_inferido
granular_k10,10,granular_k10_p04,curiosa por inovação e novidade + orientada a eficácia e resultado,10,doc_6446f54127e74c2d,doc_6446f54127e74c2d_pp_ch_0041,8.35,"Na embalagem. Embalagem? O que da embalagem hoje, a Ciara? As cores, o formato, o material da embalagem. A sofisticação deles, como eles foram fotografados assim. Como, Márcia? Desculpa. A apresentação deles, né? A forma como fotografaram, colocaram eles assim pra gente poder ver. Parece o quê? Quando a gente bate os olhos assim. Se não fosse produto aí de cuidados pessoais, poderia ser o quê da forma que ele tá apresentado? Parece maquiagem. Parece maquiagem. Lembra maquiagem. Parece produto importado. Agora a gente vai ver a parte que mostra ativos e tecnologia, tá? Então aqui é aquele pedaço da comunicação,...",gaia_ii,nao_inferido,nao_inferido,nao_inferido,nao_inferido
granular_k10,10,granular_k10_p05,"canal, loja e consultora + sensível a preço e valor",1,doc_9852515aa99fe494,doc_9852515aa99fe494_pp_ch_0031,19.35,"Foi a... Tá, foi a consultora, então vou enviar... Tá, entendi, então não é do site, é da consultora. Se o link foi enviado pela consultora, enviar o pedido pelo WhatsApp é pela consultora. O que você acha disso? Tem alguma vantagem em enviar o pedido por WhatsApp ou algo que você faria por isso? Eu acho que é importante eu poder mandar para a consultora por WhatsApp, por alguma razão? Fica documentado, né? Depois ela não pode trazer uma coisa e falar que você pediu. Está documentado que eu enviei documento, pedi isso, aquilo, e ela não pode... Não é o meu caso, tá? Ela não pode falar, mas você não pediu isso,...",compras_digitais,nao_inferido,nao_inferido,nao_inferido,nao_inferido
granular_k10,10,granular_k10_p05,"canal, loja e consultora + sensível a preço e valor",2,doc_0e16de972b72d565,doc_0e16de972b72d565_pp_ch_0018,18.35,"Então ela já tem na loja a maior parte e aí você compra em estoque, é isso? Isso. Aí quando ela não tem, ela só me passa a revista e eu compro. Tá, entendi. Quero falar então pouco, você falou também do Natura, né? Que é uma coisa que você compra e que dona Natura é sempre no virtual, é isso? Isso. E na loja dela, não compro também pelo marketplace. Uma vez eu também comprei pela Shopping, o perfume tinha outro cheiro, O que você quer dizer na loja da Natura? Você quer dizer isso? No caso da Natura, você tem revendedora ou não? Não. Eu sei que tem revista, mas eu sempre compro na loja virtual por conta do valor....",compras_digitais,nao_inferido,nao_inferido,nao_inferido,nao_inferido
granular_k10,10,granular_k10_p05,"canal, loja e consultora + sensível a preço e valor",3,doc_96b165a2a6f7a32d,doc_96b165a2a6f7a32d_pp_ch_0019,16.35,"Não, não tem mais nada não, acho que é só isso. Você sabe se a Natura tem revista interativa? Sei não. Essa que você recebe, você consegue mexendo nela? Porque você disse que marca num papel, né? Eu não sei não, se tem interativa. Porque eu gosto do negócio de comprar na pessoa. Às vezes é até mais barato em sítio. Eu não sei quem desconto, mas eu gosto. Às vezes é desconto tão invisório. E ela é tão simples, leva na minha casa. Às vezes faz pacote pra presente. Ela que leva na tua casa quando você encomenda? Às vezes sim, às vezes quando eu tô com tempo eu pego, geralmente é o porteiro que recebe. E aí ela faz...",compras_digitais,nao_inferido,nao_inferido,nao_inferido,nao_inferido
granular_k10,10,granular_k10_p05,"canal, loja e consultora + sensível a preço e valor",4,doc_d16712b5a3350889,doc_d16712b5a3350889_pp_ch_0022,14.35,"Os produtos. A revista interativa tem essa... É mais parecido com o que era a revista mesmo, que você consegue abrir e ver as imagens dos produtos. Tem mais alguma coisa que te incomoda nesse, que você vê e acha que o da revista é mais interessante para você? Pela primeira vez, o que me chamou mais atenção foi isso. Mais esse aspecto visual de trazer as coisas como numa revista mesmo. Se deixasse de existir a revista, por exemplo, e você tivesse que passar a comprar através desse, você sentiria a falta da revista que você vê lá, que lá você consegue ver as páginas da revista? Isso é algo que você também...",compras_digitais,nao_inferido,nao_inferido,nao_inferido,nao_inferido
granular_k10,10,granular_k10_p05,"canal, loja e consultora + sensível a preço e valor",5,doc_cc7b48f0bda6f359,doc_cc7b48f0bda6f359_pp_ch_0026,13.35,"No aplicativo, porque eu já tenho ele. Instalado no meu celular. Então, eu só clico lá no simbolozinho e já abro ele. E o aplicativo funciona como o catálogo, Porém não há a revendedora. Ele funciona como o catálogo, só que sem revendedora? Você vê vantagens no aplicativo versus a revendedora? Então, tem os seus prós e os seus contras. Por exemplo, o aplicativo, perco menos tempo com ele. É mais rápido. Já quando eu preciso, por exemplo. Eu entro lá, já sei o que eu quero, vou lá, clico no que eu quero, vejo uma coisa outra, se não me interessar, eu peguei e fiz o meu pagamento e saí, acabou. E com a revendedora...",compras_digitais,nao_inferido,nao_inferido,nao_inferido,nao_inferido
granular_k10,10,granular_k10_p05,"canal, loja e consultora + sensível a preço e valor",6,doc_80a271097010f616,doc_80a271097010f616_pp_ch_0028,10.35,"E aí, então, talvez por você já estar mais acostumada e por ter essa experiência, então, que você disse, né, de trazer mais proximidade à revista interativa, você acaba preferindo fazer a compra por lá mesmo. Tem alguma coisa, então, que você não conhecia? Não, né? A gente falou, você falou que já... Dessas coisas eu já tô habituada com todos. Alguma coisa que você melhoraria no processo, algo que poderia ser aprimorado de alguma forma através da compra pela revista? Acho que não. Estou satisfeita do jeito que está. Só minutinho para eu confirmar aqui ponto. E pensando na compra por site versus aplicativo,...",compras_digitais,nao_inferido,nao_inferido,nao_inferido,nao_inferido
granular_k10,10,granular_k10_p05,"canal, loja e consultora + sensível a preço e valor",7,doc_fbdf5e17373e8de3,doc_fbdf5e17373e8de3_pp_ch_0023,10.35,"Isso me chamou bastante atenção. Por que será que, no fundo, a gente continua olhando da forma como se fosse uma revista manual? Eu acho que deve ser... Eu não sei. Sei lá, como se fosse imposto ou... Não, imposto não. Como se fosse... Ai, eu estou fugindo da palavra. Como se fosse... É como se você fosse induzido a isso. Ou por curiosidade, ou porque você quer realmente olhar tudo, Eu não sei explicar. No caso, você queria dizer assim, por que eu não vou direto no que eu estou procurando? Porque é mais fácil. É, ou porque você sempre acaba fazendo como se tivesse, você vai da primeira à última página. É, eu...",compras_digitais,nao_inferido,nao_inferido,nao_inferido,nao_inferido
granular_k10,10,granular_k10_p05,"canal, loja e consultora + sensível a preço e valor",8,doc_761f127ebf5926ab,doc_761f127ebf5926ab_pp_ch_0013,9.35,"É. E elas nem podem vender Avon, né? Porque ainda não existe uma loja física. Apesar delas virarem construtora Avon agora, porque toda construtora Natura é construtora Avon, não existe formato de loja física. E ela quer abrir uma nova. Ela tem o plano de abrir uma nova loja em outra localidade, porque Esse lugar que a gente foi é lugar bem classe AB, assim, sabe? E ela acha que talvez classe CD, que ela falou BC, fizesse mais sentido, mais rotatividade. Ela não falou nada versus o Boticário, assim, de produto. Ela também não trouxe nada de... Mas eles acham que o Boticário tem uma comunicação melhor. Que, por...",3cs_perfumes,nao_inferido,nao_inferido,nao_inferido,entrevista_em_profundidade
granular_k10,10,granular_k10_p05,"canal, loja e consultora + sensível a preço e valor",9,doc_0f20528122df94e9,doc_0f20528122df94e9_pp_ch_0026,8.35,"Então, na verdade, eu tenho o aplicativo. Quando ela manda o link, aí ele abre já no meu aplicativo, né? É como se ele fosse automático para o aplicativo. Eu tenho o aplicativo da Natura no meu celular. Pronto, que é uma outra coisa também, que às vezes chega mensagem assim no... Meu Deus, esqueci. Na barra de rolagem, assim, de mensagens, tipo, lá onde mostra que tem mensagens do WhatsApp, aí às vezes, de vez em quando chega uma mensagem assim da Natura, sei lá, aproveite alguma coisa, aí você nem estava imaginando, mas você vai também de curiosidade olhar, sabe? E aí pensando na sua preferência, você prefere...",compras_digitais,nao_inferido,nao_inferido,nao_inferido,nao_inferido
granular_k10,10,granular_k10_p05,"canal, loja e consultora + sensível a preço e valor",10,doc_9852515aa99fe494,doc_9852515aa99fe494_pp_ch_0041,8.35,"Pouco, muito pouco. Eu acho que... Eu continuo batendo na tecla do brinde, por que não copiar, gente? Porque se você dá brinde, você vai obrigar o consumidor ir até a loja, e estando na loja, ele não vai pegar só o brinde dele, mesmo que ele não compre nesse mês. Sempre tem lançamento, no mês seguinte ele vai querer comprar. É impossível. Ainda mais a gente mulher, é impossível você entrar numa loja e falar, eu vou pegar meu brinde e sair correndo. Você não vai. Você sempre vai dar uma olhadinha em outra coisa. Natura não tem, por quê? Tão rica. Se tivesse baixaria? Sim, com certeza. Com certeza baixaria. Se...",compras_digitais,nao_inferido,nao_inferido,nao_inferido,nao_inferido
granular_k10,10,granular_k10_p06,"estética, presente e status + crítica/rejeição explícita",1,doc_500a84cf9936a539,doc_500a84cf9936a539_pp_ch_0025,26.35,"E uma coisa que tu falou, Edmilson, que me chamou a atenção. Essa questão de beber muito da venda direta. Vão ser completamente de varejo. Me fala pouquinho mais disso. É que a gente abastece as nossas lojas, pensando em franquias, não lojas próprias, tá, Fernanda? Pelo mesmo composto promocional da venda direta. Então, o mesmo presente que vai para a consultora, na embalagem que foi produzida especificamente para a venda direta, ele também chega para nossas operações, tá? Além disso, eu tenho as caixas que eu disponibilizo para o franqueado através de fornecedor homologado. E aí eu começo a pegar o que este...",natura_3cs,nao_inferido,natura,nao_inferido,nao_inferido
granular_k10,10,granular_k10_p06,"estética, presente e status + crítica/rejeição explícita",2,doc_981214beda5a6637,doc_981214beda5a6637_pp_ch_0023,16.35,"Não é uma loja para você entrar e comprar presente para alguém, é uma loja para você se presentear, você comprar para autoconsumo. A pessoa tá muito preparada para te dar as indicações e assim muito preparada mesmo tá para te dar o que você precisa. Eu senti até que em cada Sessão da loja, então tinha sessão de skin care, sessão de perfumaria, sessão de cabelo, maquiagem. Tinha até especialista próprio ali pra falar daquela categoria. Então a Ci foi comprar item de cabelo, tinha uma pessoa ali no cabelo dando uma consultoria pra ela. Eu tava olhando skin care, tinha uma pessoa ali do meu lado querendo, né, você...",natura_3cs,nao_inferido,natura,nao_inferido,nao_inferido
granular_k10,10,granular_k10_p06,"estética, presente e status + crítica/rejeição explícita",3,doc_4b2394cc0e9c67f8,doc_4b2394cc0e9c67f8_pp_ch_0013,13.35,"Aí você tem o espaço da Dior tinha o espaço da foi da Dior tinha o espaço da Dior sensorial tudo com flores né Miss Dior tipo tudo com flores. Então os códigos mesmo. Do mercado, das marcas de luxo, as marcas mais populares, todas dentro de uma construção de códigos muito padrão, tipo flores e... Flores e corações, mais ou menos isso, né? Talvez mude a sofisticação desse código, mas o código tá lá. O código tá lá. É maximalista, digamos, né? Exatamente, exatamente. E aí a nossa experiência era para acontecer no Botileb do Morumbi e assim uma chuva de presentes de presente e habilidade assim dentro dos códigos é...",natura_3cs,nao_inferido,natura,nao_inferido,nao_inferido
granular_k10,10,granular_k10_p06,"estética, presente e status + crítica/rejeição explícita",4,doc_2fd5110893661ffc,doc_2fd5110893661ffc_pp_ch_0012,13.35,"Olha, eles são bem planejados. Tem outro que busca em cima da hora, mas a maioria eles são bem planejados. Perfeito, e aí eu ia te fazer uma pergunta sobre isso, para esses que buscam em cima da hora, né? O que você vê de vantagem dentro da consultoria versus, por exemplo, eu posso ir numa loja, posso comprar e resolver, eu preciso resolver esse problema desse presente, eu vou numa loja, eu vou na consultora, o que você enxerga de maior vantagem para o cliente ir buscar essa solução do presente na consultoria e não em outro canal, por exemplo, a loja? Então, porque eu vou até ele, eu vou levar o presente pra ele...",natura_3cs,nao_inferido,natura,consultoras,nao_inferido
granular_k10,10,granular_k10_p06,"estética, presente e status + crítica/rejeição explícita",5,doc_27d3eb4bf6306e35,doc_27d3eb4bf6306e35_pp_ch_0005,13.35,"Assim, geralmente, dia das crianças e Natal, eu coloco meio que preço ali médio, né, pra cada sobrinho, porque como eu tenho que comprar pra 12 crianças, então assim, eu meio que pego valor e divido ali, aí eu falo assim, ó, cada criança vai ganhar presente mais ou menos desse valor, porque senão eu vou à falência, né. Mas de resto, assim, eu vou muito pelo gosto. Tipo assim, às vezes eu acho que é pouco caro. Por exemplo, o Amigo Secreto coloca... Ai, vamos comprar presente de no máximo de 100 a 150 reais. Só que se eu ver uma coisa que eu sei que a pessoa vai gostar e foi mais caro do que aquilo, eu vou gastar...",natura_3cs,nao_inferido,natura,consumidoras,nao_inferido
granular_k10,10,granular_k10_p06,"estética, presente e status + crítica/rejeição explícita",6,doc_1d7aeba5c3deb241,doc_1d7aeba5c3deb241_pp_ch_0008,13.35,"A impressão que eu tive é pela comodidade, pela oferta de boticário, ele vai na loja de boticário, que tem mais lojas, tem embrulho bonitinho e tal, então já se transforma num presente. Onde ele compra, que é nessas barraquinhas, deve ser nessas barraquinhas mesmo. Lá provavelmente não tem embalagem, não tem nada, né? Pelo menos essa foi a minha percepção, Bruno, me complementa aí. Sim, ele... É exatamente isso, porque, olha, pra questão da presenteabilidade, a gente até perguntou, Ele vai para o boticário justamente pela conveniência da loja, das embalagens e do atendimento. Ele comprou e ganhou, ele ganhou...",3cs_perfumes,nao_inferido,nao_inferido,nao_inferido,entrevista_em_profundidade
granular_k10,10,granular_k10_p06,"estética, presente e status + crítica/rejeição explícita",7,doc_bb533aa1ff54f550,doc_bb533aa1ff54f550_pp_ch_0006,12.35,"Olha, eu vou falar sobre a minha experiência, que eu falei de compra foi no online, e aí eu visitei a loja para entender pouco da dinâmica deles. No online, eu fui muito insistente em conseguir passar presente da Natura. Eu demorei uma hora, eu tenho uma lista, não mandei a lista inteira de erros que tem no meu celular, sem exagero, são mais de 20 erros que eu tomei enquanto eu tava tentando fazer a compra de presente. Se eu fosse... Foi você, então, que escreveu que foi quebrada e não funcional a experiência. Nossa, assim... Fernanda, é de chorar, tá? Então, você imagineu como Natura? Não, não é possível. Não,...",natura_3cs,nao_inferido,natura,nao_inferido,nao_inferido
granular_k10,10,granular_k10_p06,"estética, presente e status + crítica/rejeição explícita",8,doc_f40017cf17c84e54,doc_f40017cf17c84e54_pp_ch_0015,12.35,"Mas quando ela foi na Vaianas e a embalagem da Vaianas era mais estruturada, não amassava, era mais fechadinha, né, da Ceará tá aberta, uma sacola aberta, uma sacola craft da Vaianas fecha, é mais colorida. Ela falou, ai, olha a diferença dessa embalagem, gente, é muito mais bonita. E em boticário elas vêm valorizando muito as cores, O fato de ser caixa, não ser sacola só, o fato também de estar em caixa, essa coisa da caixa. Ontem, inclusive, saindo pouco aqui, mas ontem o Boticário fez a live do amor deles, né? A nossa vai ser com a CIDA amanhã, e a deles foi ontem no Instagram. E eles mostrando as opções de...",natura_3cs,nao_inferido,natura,nao_inferido,nao_inferido
granular_k10,10,granular_k10_p06,"estética, presente e status + crítica/rejeição explícita",9,doc_f40017cf17c84e54,doc_f40017cf17c84e54_pp_ch_0021,12.35,"Então eu acho que a beleza do Omni tá aí, de você poder ter esse cardápio e o cliente servir disso a partir da necessidade dele. Agora, o que ela também citou foi a questão de... Eu falei, mas e se você comprar uma roupa online? Ela falou, mas se eu tiver que comprar uma roupa online, aí eu preciso ver se dá pra trocar na loja, né? Então, esse pensamento já tá na cabeça da pessoa, né? Do, eu posso comprar online, trocar na loja, entendeu? Então, esse foi o único que saiu de uma minicanalidade. Eu acho que essa questão de troca é importante, assim, eu fiz a minha experiência, tava contando, Eriquinha, de comprar...",natura_3cs,nao_inferido,natura,nao_inferido,nao_inferido
granular_k10,10,granular_k10_p06,"estética, presente e status + crítica/rejeição explícita",10,doc_bb533aa1ff54f550,doc_bb533aa1ff54f550_pp_ch_0019,12.35,"Então, acho que foi isso, assim, no geral, que eu percebi. Pode falar, Bia, vou dar a voz para você. Não, complementando o que a Gi disse, a nossa consumidora, Pouco se importou com a embalagem, tanto que depois, quando a gente sentou pra conversar com ela, que ela já tinha comprado o presente, a gente perguntou, como é que você vai fazer pra entregar o presente? Eu tenho umas caixas, algumas coisas em casa, eu vou embrulhar com o que eu tenho lá e botar na sacola da Besni mesmo, que foi a loja que ela comprou, e entregar. Então, pra ela, não foi driver de compra do presente, ela tava muito focada em preço, o...",natura_3cs,nao_inferido,natura,nao_inferido,nao_inferido
granular_k10,10,granular_k10_p07,consciente/natural/sustentável + cuidado pessoal e pele/corpo,1,doc_9ce05b13f8828060,doc_9ce05b13f8828060_pp_ch_0032,15.35,"Como falei, essa propaganda me deu a sensação de que ela cuidasse realmente da gente e pensasse nos detalhes do nosso dia a dia. Mas nessa propaganda em específico, eu também gostei da paleta de cor. Para mim, as palavras que eu usaria são suavidade e calmaria. E realmente gostei de ter pensado justamente em épocas que trazem justamente essa questão de relaxamento. Rafaela, que palavras você usaria para essa? Acho que relaxante e suave. Letícia, que palavras? Eu acho que eu usaria hidratação e calmaria. Eu usaria noturno e bem-estar. Noturno e bem-estar. Eduarda? Eu usaria rotina e suave. Questão de noturno e...",rosacea,brasil,nao_inferido,nao_inferido,nao_inferido
granular_k10,10,granular_k10_p07,consciente/natural/sustentável + cuidado pessoal e pele/corpo,2,doc_d61537ccd540a8ec,doc_d61537ccd540a8ec_pp_ch_0024,14.35,"Palavras, gente, que palavras que a gente pode usar aí para descrever essa propaganda? Pode ser clichê e colocar natureza? Pode, pode ser o que você quiser. Oi, Jenny. Natureza. Janaína? Me traz refrescância. Refrescância. Mariana? Eu também vou natureza. Natureza. Ana Paula? Eu ia colocar natureza, mas vou pensar alguma outra, pode passar para outra pessoa. Hidratação, rejuvenescimento. Lembrou de alguma, Ana? Então, antes se nós, já que falou na própria propaganda. Eu vou passar mais uma e a gente vai conversar sobre ela, tá bom? Todo mundo bem? E aí, quem quer comentar esse? Posso começar? Fala, Mari. É uma...",rosacea,brasil,nao_inferido,nao_inferido,nao_inferido
granular_k10,10,granular_k10_p07,consciente/natural/sustentável + cuidado pessoal e pele/corpo,3,doc_c81de68b7ac9189d,doc_c81de68b7ac9189d_pp_ch_0044,14.35,"Bom, essa é uma base que eu quero muito comprar porque é duração de 24 horas e isso já me pega. Todo produto que tem algum tipo de prazo chama muita atenção, porque instiga o consumidor a testar. E em relação à tecnologia de oxigênio da pele, isso é exatamente muito importante pelo que a Caroline e a Gabriela falaram. De deixar a pele respirar. Normalmente, nós temos bases muito grossas, né? Essas bases mates que a gente usa são muito grossas, né? Então, parece que a gente tá com reboco no rosto todo santo dia. E, assim, vendo a imagem, eu tenho a impressão de ser uma base com uma textura bem fina e que se...",rosacea,brasil,natura,nao_inferido,nao_inferido
granular_k10,10,granular_k10_p07,consciente/natural/sustentável + cuidado pessoal e pele/corpo,4,doc_8f0f9dbe32c1bce3,doc_8f0f9dbe32c1bce3_pp_ch_0021,11.35,"Eu acho que eu colocaria como palavra-chave saúde. Porque saúde, porque a natureza, esse contato com a natureza e a imagem que a propaganda passa é de que esse contato traz saúde, traz, como tem no final, bem-estar. Então eu pensaria em saúde. Eu pensaria que a natureza te faz bem. Tudo que é da natureza te faz bem. Eu pensaria também da natureza, da reconexão com a natureza que a gente está perdendo. O uso físico que a gente usa, que a gente tem. Acho que eu usaria brasilidade. Na minha cabeça, vai de uma coisa ao retorno à sabedoria ancestral. Esse negócio de você pegar coisas da natureza e ir para esse...",rosacea,brasil,natura,nao_inferido,nao_inferido
granular_k10,10,granular_k10_p07,consciente/natural/sustentável + cuidado pessoal e pele/corpo,5,doc_20c080a645217030,doc_20c080a645217030_pp_ch_0036,11.35,"É que o meu fone caiu bem na hora que tu começou a falar. Que impressão que passou essa propaganda? Olhando pra ela aqui, o que ela transmitiu pra você? Olha, Tu diz a propaganda que eu estou vendo agora aqui como se fosse a revista. Eu eu compraria o hidratante ali pelo que ele diz que é vegano também que não tenha o teste que a Fernanda falou super cremosa pela textura também que diz que é cremoso. Que eu gosto desse tipo de textura. Também e pela... Pela... Como é que diz? Pelos benefícios do ácido, da produção também, do estímulo na pele ali. Oi. Eu acho que a primeira coisa que eu vejo ali é... Que me...",rosacea,brasil,natura,nao_inferido,nao_inferido
granular_k10,10,granular_k10_p07,consciente/natural/sustentável + cuidado pessoal e pele/corpo,6,doc_ace5895fe185da65,doc_ace5895fe185da65_pp_ch_0033,10.35,"O que ele vai te fazer? Só deixar cheirosa? Porque nível na farmácia também pode te deixar cheirosa também, né? Mas aí, aí o nível faz o quê? Ele te dá Q10, que mais? Aí, você joga o ácido laurônico, pronto, ele retarda totalmente as suas células e já faz, você já vê essa parte aqui, né? Essa parte do pescoço que a gente acaba esquecendo de tratar, né? Então, ele vai dando viço mais pra pele, pro resto, não só o rosto. A gente acaba esquecendo o corpo, né? Então, você já passa o creminho, já ajuda muito. E pra você, Fernanda? Eu acho que juntou essa ideia de uma hidratação com produtos naturais, junto com essa...",rosacea,brasil,natura,nao_inferido,nao_inferido
granular_k10,10,granular_k10_p07,consciente/natural/sustentável + cuidado pessoal e pele/corpo,7,doc_ace5895fe185da65,doc_ace5895fe185da65_pp_ch_0029,9.35,"São os produtos naturais da Amazônia. Que eu amo, eu sou [NOME] da Ecos, que estimula... Ai meu Deus do céu, o que eu tava falando mesmo? Ai, esqueci! O que você sentiu com essa? Me conta pouquinho disso, né? Quais as impressões que essa propaganda passou e que ela transmitiu para você? Fernanda, quer começar a falar enquanto a Bruna pensa aí? Pode ser, pode ser. Transmitiu para mim algo natural, bem natural. Como aroma, essa linha é muito de aroma mesmo da natureza, que você utiliza produto que é amigo da natureza, que está muito em alta isso também hoje em dia, para vários, para produto em geral. Eu acho que...",rosacea,brasil,natura,nao_inferido,nao_inferido
granular_k10,10,granular_k10_p07,consciente/natural/sustentável + cuidado pessoal e pele/corpo,8,doc_ace5895fe185da65,doc_ace5895fe185da65_pp_ch_0042,9.35,"Fernanda, você percebeu alguma coisa, né, parecida, dissimilar entre essas propagandas, da forma que se apresenta, enfim, me conta pouquinho aí. Sim, sim. Tinha essa percepção também. Os três, né, é sempre a imagem do autocuidado, mas como se eles reunissem combo e produto, né? O primeiro é essa questão do serum, suaviza as marcas em duas semanas, é algo compacto em produto só. O segundo não deixa de ser hidratante, mas uma outra função também. Então, meio que com vários produtos naquele, com a função de produzir, de estimular a produção do ácido hidrolórico. E essa última, o último hidratante, parece não ser só...",rosacea,brasil,natura,nao_inferido,nao_inferido
granular_k10,10,granular_k10_p07,consciente/natural/sustentável + cuidado pessoal e pele/corpo,9,doc_8f0f9dbe32c1bce3,doc_8f0f9dbe32c1bce3_pp_ch_0023,9.35,"Fala, Olivia, o que você achou dessa daí? O que você entendeu? Dessa eu gostei bem mais, porque essa alternância que ela faz entre imagens micro e macro, ela deixa mais confortável. E quando você está na rede social, principalmente a geração mais jovem, que fica muito tempo na rede social, você já é sobrecarregado de informação. E a propaganda não pode ser tão agressiva quanto a primeira. Então ela é mais leve e ela vai direto ao ponto de uma problemática que as mulheres buscam solucionar quando estão procurando produtos de cuidado com a pele, que é aquela coisa do todo mundo quer diminuir ruga, todo mundo quer...",rosacea,brasil,natura,nao_inferido,nao_inferido
granular_k10,10,granular_k10_p07,consciente/natural/sustentável + cuidado pessoal e pele/corpo,10,doc_8f0f9dbe32c1bce3,doc_8f0f9dbe32c1bce3_pp_ch_0007,9.35,"Marina, o que você entendeu? O que ficou? Que impressão que passou? Então, Primeiramente, achei muito rápido, mas a coisa que me passou, que fala sobre a pele, é uma hidratação natural, diretamente da natureza, que contém ácido hialurônico. Beatriz, que impressão tá a escola? O que você quer comentar sobre essa propaganda? Então, ela foi rápida mesmo. Mas pensando, por lado, por passar no YouTube, tá ótimo. Mas eu achei que ela passou uma mensagem da gente se reconectar com as nossas raízes, que nem eu comentei aí no que você falou, que mostra a natureza ainda, a gente é brasileiro, é coisas daqui do Brasil,...",rosacea,brasil,natura,nao_inferido,nao_inferido
granular_k10,10,granular_k10_p08,cuidado pessoal e pele/corpo + identidade e representatividade,1,doc_bc29e08f3450ea98,doc_bc29e08f3450ea98_pp_ch_0027,24.35,"Então a sensação é de bem-estar? Sim. Sim, de bem-estar e disso, de ver a pele uniforme mesmo. Cheila, você voltou, que bom! Estava falando do olhar e daí a gente já foi para outra história, menina, já vou pular aqui. A gente tá falando das partes do corpo, pele do corpo, assim, quais são, como é que é a relação com a pele do corpo, quais são as partes que mais gostam e por que gostam, quais são as partes que menos gostam e por que não gostam, como que é isso? Que eu mais gosto o meu rosto. As pessoas costumam falar, ai, você tem uma pele boa, que rosto, que bonita a sua pele, do seu rosto. Então, por conta...",radiosa,nao_inferido,nao_inferido,nao_inferido,nao_inferido
granular_k10,10,granular_k10_p08,cuidado pessoal e pele/corpo + identidade e representatividade,2,doc_b71f944ee9bec4b0,doc_b71f944ee9bec4b0_pp_ch_0016,24.35,"Ela sabe. Meninas, me fala uma coisa, o que mais que tem de benefício em usar todo dia, nos produtos todo dia? Mais alguma coisa, Melissa, tem mais algum benefício, mais algum benefício? O todo dia ele é probiótico, ele se adapta bem à pele, a todo tipo de pele, é assim, mas eu procuro sempre Falar para o cliente. Eu dou dicas ao cliente. Quando o macadama é mesmo, o macadama é o nospecan. Se a pele for pouco mais ressecada, então é ele. Então, se você não tem uma pele muito ressecada, é o algodão, flor de lixa, mas mesmo a fragrância parece que assim, as fragrâncias mais suaves parece que eles para peles que...",radiosa,nao_inferido,nao_inferido,nao_inferido,nao_inferido
granular_k10,10,granular_k10_p08,cuidado pessoal e pele/corpo + identidade e representatividade,3,doc_ecbea0911b71e6fa,doc_ecbea0911b71e6fa_pp_ch_0015,19.35,"Beleza! Quem mais você vai me falar? Eu quero que as outras me contem. Eu acho que essas coisas são as três coisas que eu mais procuro no meu corpo. Tá bom, Ju, obrigada. Agora a outra Ju quer falar também. Fala, Ju, quais são as suas principais preocupações e necessidades envolvendo o corpo, a pele do corpo? Sim, eu gosto de usar por conta da hidratação, né? E do cheiro. Eu acho que o perfume conta muito, né? O hidratante que eu uso mesmo, ele é muito cheiroso. Pode falar nome e marca, tá, gente? Pra eu saber também. É o da Paixão. Na paixão, pelo cheiro. E em termos de hidratação, o que é importante em termos...",radiosa,nao_inferido,nao_inferido,nao_inferido,nao_inferido
granular_k10,10,granular_k10_p08,cuidado pessoal e pele/corpo + identidade e representatividade,4,doc_c3440e03873d8788,doc_c3440e03873d8788_pp_ch_0060,19.35,"Eu gosto do cheiro do Ecus, o de Angiroba é uma delícia. Maracujá. Então assim, em termos de cheiro, o forminho, açaria, tanto no Ecus, Tanto não, todo dia. Então, já fica aí você que depois eu quero que as outras me falem. Tem uma pergunta pra agregar aí. Essa linha pra pele negra, cuidados com pele negra, que ingredientes, gente, a gente acha que deveria ter pra quem entrega isso que a gente tá buscando? Tem algum ingrediente que a gente falar, esses ingredientes seriam bem legais? Rosa mosquita, com certeza. Eu acho que... Eu acho que a manteiga de cacau. Hidrata também muito a nossa boca, né? Eu acho que...",radiosa,nao_inferido,nao_inferido,nao_inferido,nao_inferido
granular_k10,10,granular_k10_p08,cuidado pessoal e pele/corpo + identidade e representatividade,5,doc_a0b281c2785ae1ed,doc_a0b281c2785ae1ed_pp_ch_0018,17.35,"Ótimo. E a Cláudia? Então, de beleza, eu acho a Cristiana, que a colega até citou, eu acho ela espetáculo. Cabelo, corpo, pé e também a forma como ela fala também é muito elegante também. Eu acho que é espetáculo, é uma negra maravilhosa. Ó, Tódia, fica com o microfone aberto então que eu vou começar com você. Me fala uma coisa, que é pra todas, né? Eu quero saber se vocês procuram, buscam informação sobre cuidado com a pele. Se sim, onde? Se não, também quero entender por quê. Como que é isso? Eu procuro sim, eu procuro principalmente internet, vídeos de YouTube, desenha, skin care, eu sempre procuro,...",radiosa,nao_inferido,nao_inferido,nao_inferido,nao_inferido
granular_k10,10,granular_k10_p08,cuidado pessoal e pele/corpo + identidade e representatividade,6,doc_3d71a73387cbd4a7,doc_3d71a73387cbd4a7_pp_ch_0033,17.35,"Pra pele negra e outro pras outros tipos de pele. Gente, tem alguma marca, pensando até em Natura, tá? Se fosse ter essa linha, vamos imaginar que é uma linha de cuidados para pele negra, beleza? Eu quero saber que produtos seriam bons, que produtos seria legal ter nessa linha. O que vocês acham que era bom ter para cuidar da pele negra? Hidratante, óleo e sabonete. Hidratante, óleo e sabonete? É, mas não sabonete em barra, sabonete líquido. Eu acho que sabonete e hidratante também. Porque depende muito do pH do sabonete. Às vezes tem sabonete que é em barra, mas que aquela pele não segura. O sabonete quando...",radiosa,nao_inferido,nao_inferido,nao_inferido,nao_inferido
granular_k10,10,granular_k10_p08,cuidado pessoal e pele/corpo + identidade e representatividade,7,doc_c3440e03873d8788,doc_c3440e03873d8788_pp_ch_0021,17.35,"Eu, no momento, não estou pesquisando nada, porque meu dia está sendo muito corrido, da neném da minha de [IDADE] anos, mas o que eu tenho feito mesmo muito é bebendo muita água e passando muito hidratante todo dia, o que eu faço antes de dormir. Eu tinha os pés muito ressecados, agora todo dia eu vou passando o hidratante da Natura, tem melhorado muito. Minha barriga esticou, por causa da gravidez e eu tenho passado muito hidratante nela. Tenho sentido a minha pele mais com toque mais aveludado, toque mais tranquilo, não tão oleoso, igual ela tinha, porque eu também uso o sabonete da Natura, lavo o rosto de...",radiosa,nao_inferido,nao_inferido,nao_inferido,nao_inferido
granular_k10,10,granular_k10_p08,cuidado pessoal e pele/corpo + identidade e representatividade,8,doc_b71f944ee9bec4b0,doc_b71f944ee9bec4b0_pp_ch_0012,16.35,"Normalmente são os mesmos clientes que compram o todo dia. Qual a diferença que você vê? O ECOS é só óleo ou tem hidratante também? Ecos tem óleo também, trifásico, tem duas fases. É só óleo ou tem hidratante também? Tem hidratante também. Mas vende mais o óleo ou o hidratante? Ou os dois vendem bastante? A Ecos vende mais o hidratante, eu pelo menos a mais hidratante. Não tanto. Tá, vende menos que todo dia, eu entendi, né? Agora, qual a diferença, gente, que vocês acham? Agora eu quero todas falando. Qual a diferença que tem da linha Todo Dia pra linha Ecos? Fala, Melissa. Deixa a Melissa, depois você fala, só...",radiosa,nao_inferido,nao_inferido,nao_inferido,nao_inferido
granular_k10,10,granular_k10_p08,cuidado pessoal e pele/corpo + identidade e representatividade,9,doc_a0b281c2785ae1ed,doc_a0b281c2785ae1ed_pp_ch_0007,16.35,"Eu gosto da minha pele, eu acho que é uma pele que eu tô tentando cuidar bastante, é uma pele que eu tô tentando até diminuir algumas coisas. Só eu pego, mas eu tento diminuir muito os efeitos na pele. Eu passo hidratante até no pé, gente. Aí não tem cotovelo, não tem joelho. Isso aqui, meu, é outro creme. A pessoa é vaidosa. E a gente vai se cuidando. É passando o creme assim, ó. Subindo, é hidratando, é passando assim. Eu tenho amigo, que ele é gay, ele chama Thiago e ele fala assim, nossa, até o pé dela é cheiroso. Eu passo hidratante até no pé, eu passo hidratante até pra dormir, minha cama é cheirosa. Eu...",radiosa,nao_inferido,nao_inferido,nao_inferido,nao_inferido
granular_k10,10,granular_k10_p08,cuidado pessoal e pele/corpo + identidade e representatividade,10,doc_c3440e03873d8788,doc_c3440e03873d8788_pp_ch_0053,15.35,"Ou o Vazenosa é pra pele negra? Não, não é nível, mas eu acho que o... Com todo... Como é que eu posso dizer? Assim, ó, Natura, Boticário, todos esses... De marca, eles estão colocando, sim, ó, base pra pele negra, tipo Naomi Campbell, que é bastante negra mesmo, tem base pra pele dela. Hoje o protetor solar tem pra vários tipos de pele, tanto da mais branquinha, quanto da mais escura, que não fica, como a Ilana falou, com aquele aspecto de branco estado, entendeu? Então eu tô achando que tá entregando, mais do que antes, não está sem ação, porque é também tão avassaladora, mas só se você procurando, você...",radiosa,nao_inferido,nao_inferido,nao_inferido,nao_inferido
